CSI,days_delivery,customer_service,purchase_amount,customer_age,product_category_Clothing,product_category_Electronics,product_category_Home Goods,gender_male,gender_other,gender_prefer not to say,is_late_delivery,fast_delivery,good_service,poor_service,log_purchase,age_group_25-40,age_group_40-60,age_group_60+,delivery_service_interaction
7.0,8.0,0,89.71,34.0,False,True,False,True,False,False,1,0,0,1,4.507667604626853,True,False,False,0.0
8.0,6.0,0,81.71,33.0,False,False,True,False,True,False,1,0,0,1,4.415340513703815,True,False,False,0.0
9.0,7.0,1,83.18,46.0,False,True,False,False,True,False,1,0,0,1,4.432957363342425,False,True,False,7.0
5.0,1.0,1,211.03,33.0,False,True,False,False,False,False,0,1,0,1,5.356727774094459,True,False,False,1.0
6.0,3.0,0,159.02,51.0,False,False,False,True,False,False,0,0,0,1,5.075298807421978,False,True,False,0.0
5.0,6.0,1,60.5,28.0,False,False,True,True,False,False,1,0,0,1,4.119037174812473,True,False,False,6.0
6.0,2.0,0,49.95,65.0,False,True,False,True,False,False,0,1,0,1,3.9308447596687337,False,False,True,0.0
9.0,3.0,1,168.99,35.0,False,False,True,True,False,False,0,0,0,1,5.135739611790679,True,False,False,3.0
8.0,5.0,0,169.96,63.0,False,False,False,True,False,False,0,0,0,1,5.141429611010892,False,False,True,0.0
10.0,6.0,1,150.73,30.0,False,False,True,True,False,False,1,0,0,1,5.0221026255371495,True,False,False,6.0
9.0,3.0,1,186.74,16.0,False,False,False,True,False,False,0,0,0,1,5.235058026908845,False,False,False,3.0
4.0,6.0,1,69.73,29.0,False,False,True,True,False,False,1,0,0,1,4.258869811047899,True,False,False,6.0
6.0,4.0,0,57.33,9.0,False,False,False,False,False,False,0,0,0,1,4.066116540765546,False,False,False,0.0
9.0,4.0,0,70.24,26.0,True,False,False,True,False,False,0,0,0,1,4.266054458421461,True,False,False,0.0
7.0,2.0,0,94.68,65.0,False,False,False,False,False,False,0,1,0,1,4.561009290202322,False,False,True,0.0
6.0,5.0,1,86.13,18.0,False,False,False,True,False,False,0,0,0,1,4.467401256243195,False,False,False,5.0
4.0,1.0,1,88.3,47.0,False,False,True,True,False,False,0,1,0,1,4.492001487882454,False,True,False,1.0
3.0,5.0,0,93.26,38.0,False,True,False,True,False,False,0,0,0,1,4.546056921495585,True,False,False,0.0
9.0,7.0,1,157.13,53.0,False,False,False,False,True,False,1,0,0,1,5.063417479535225,False,True,False,7.0
10.0,5.0,0,171.46,47.0,True,False,False,True,False,False,0,0,0,1,5.150165325524179,False,True,False,0.0
7.0,6.0,1,164.33,52.0,False,False,True,True,False,False,1,0,0,1,5.107943476563253,False,True,False,6.0
8.0,6.0,0,66.23,52.0,False,False,True,False,False,False,1,0,0,1,4.208119576480946,False,True,False,0.0
3.0,6.0,1,111.02,30.0,True,False,False,True,False,False,1,0,0,1,4.718677426781686,True,False,False,6.0
8.0,6.0,1,231.68,24.0,False,False,False,False,False,False,1,0,0,1,5.449664119042561,False,False,False,6.0
4.0,9.0,0,114.81,19.0,False,True,False,True,False,False,1,0,0,1,4.751950917196286,False,False,False,0.0
7.0,2.0,0,120.17,21.0,False,False,True,True,False,False,0,1,0,1,4.7971945182434315,False,False,False,0.0
5.0,5.0,1,140.99,16.0,True,False,False,True,False,False,0,0,0,1,4.955756632586266,False,False,False,5.0
2.0,7.0,1,127.71,28.0,False,False,False,True,False,False,1,0,0,1,4.857561811661286,True,False,False,7.0
7.0,6.0,1,53.97,53.0,True,False,False,False,False,False,1,0,0,1,4.006787581872569,False,True,False,6.0
7.0,5.0,1,188.51,35.0,False,False,True,False,False,False,0,0,0,1,5.244441793578718,True,False,False,5.0
8.0,3.0,1,0.0,34.0,False,False,False,True,False,False,0,0,0,1,0.0,True,False,False,3.0
10.0,6.0,1,157.56,45.0,False,False,False,False,True,False,1,0,0,1,5.066133070581678,False,True,False,6.0
9.0,1.0,1,30.73,42.0,False,True,False,True,False,False,0,1,0,1,3.4572626055951043,False,True,False,1.0
5.0,6.0,0,191.36,34.0,True,False,False,True,False,False,1,0,0,1,5.259368616409462,True,False,False,0.0
6.0,3.0,1,197.86,11.0,False,True,False,True,False,False,0,0,0,1,5.292601059551927,False,False,False,3.0
8.0,5.0,0,173.48,10.0,False,False,False,True,False,False,0,0,0,1,5.161810121893374,False,False,False,0.0
8.0,2.0,0,65.36,53.0,False,False,True,True,False,False,0,1,0,1,4.195094465322244,False,True,False,0.0
3.0,2.0,0,125.51,36.0,False,True,False,True,False,False,0,1,0,1,4.840321356426578,True,False,False,0.0
5.0,9.0,1,87.2,56.0,False,False,True,True,False,False,1,0,0,1,4.4796069630127455,False,True,False,9.0
3.0,7.0,1,122.53,64.0,False,True,False,False,False,True,1,0,0,1,4.816484041548723,False,False,True,7.0
6.0,9.0,1,104.26,21.0,False,False,True,True,False,False,1,0,0,1,4.656433479925633,False,False,False,9.0
7.0,8.0,0,53.59,34.0,False,True,False,False,False,False,1,0,0,1,3.9998507157936665,True,False,False,0.0
8.0,3.0,1,0.0,25.0,False,False,True,False,False,False,0,0,0,1,0.0,False,False,False,3.0
6.0,8.0,0,149.56,19.0,False,True,False,True,False,False,1,0,0,1,5.01436167583707,False,False,False,0.0
8.0,2.0,1,143.09,40.0,False,False,False,True,False,False,0,1,0,1,4.970438104344843,True,False,False,2.0
4.0,5.0,0,184.42,36.0,False,False,True,False,False,False,0,0,0,1,5.222623522178837,True,False,False,0.0
4.0,6.0,1,137.7,33.0,False,False,True,True,False,False,1,0,0,1,4.932313327320786,True,False,False,6.0
3.0,6.0,1,93.29,41.0,False,True,False,True,False,False,1,0,0,1,4.546375139477586,False,True,False,6.0
9.0,5.0,1,75.36,51.0,False,False,False,True,False,False,0,0,0,1,4.335458998857547,False,True,False,5.0
8.0,5.0,1,190.33,41.0,False,False,True,False,False,False,0,0,0,1,5.253999685896911,False,True,False,5.0
7.0,5.0,1,120.1,21.0,False,False,True,False,False,False,0,0,0,1,4.796616650559047,False,False,False,5.0
8.0,5.0,1,23.97,35.0,False,False,False,True,False,False,0,0,0,1,3.217675104291682,True,False,False,5.0
10.0,2.0,1,124.37,50.0,False,False,False,True,False,False,0,1,0,1,4.831269365127934,False,True,False,2.0
7.0,4.0,1,102.82,45.0,False,False,False,True,False,False,0,0,0,1,4.642658630399083,False,True,False,4.0
9.0,4.0,0,157.53,30.0,True,False,False,True,False,False,0,0,0,1,5.065943849855136,True,False,False,0.0
4.0,7.0,0,121.17,27.0,False,False,True,False,False,False,1,0,0,1,4.8054135174159684,True,False,False,0.0
6.0,5.0,0,126.55,17.0,False,True,False,True,False,False,0,0,0,1,4.848508444587821,False,False,False,0.0
5.0,7.0,0,99.675,28.0,False,True,False,False,True,False,1,0,0,1,4.611897506737518,True,False,False,0.0
12.0,5.0,0,11.03,26.0,False,True,False,False,True,False,0,0,0,1,2.4874035299865875,True,False,False,0.0
7.0,6.0,1,89.81,38.0,False,True,False,False,False,True,1,0,0,1,4.508769411701737,True,False,False,6.0
9.0,8.0,0,164.51,60.0,False,True,False,True,False,False,1,0,0,1,5.109031615952449,False,True,False,0.0
8.0,3.0,1,46.54,23.0,True,False,False,False,False,True,0,0,0,1,3.861571461932048,False,False,False,3.0
3.0,7.0,1,83.07,44.0,False,False,True,True,False,False,1,0,0,1,4.431649785147205,False,True,False,7.0
5.0,9.0,1,123.65,48.0,False,False,True,False,False,False,1,0,0,1,4.825509809969567,False,True,False,9.0
7.0,5.0,0,127.99,24.0,True,False,False,True,False,False,0,0,0,1,4.859734881977045,False,False,False,0.0
5.0,5.0,1,44.6,54.0,False,False,False,True,False,False,0,0,0,1,3.8199077165203406,False,True,False,5.0
5.0,2.0,0,179.55,34.0,True,False,False,True,False,False,0,1,0,1,5.196007747723467,True,False,False,0.0
4.0,5.0,0,164.12,32.0,False,False,True,True,False,False,0,0,0,1,5.106672482293198,True,False,False,0.0
8.0,4.0,1,149.49,41.0,False,True,False,False,False,False,0,0,0,1,5.013896636798627,False,True,False,4.0
6.0,6.0,1,98.63,71.0,False,True,False,True,False,False,1,0,0,1,4.601463324056764,False,False,True,6.0
9.0,6.0,1,99.675,24.0,False,False,False,True,False,False,1,0,0,1,4.611897506737518,False,False,False,6.0
8.0,6.0,1,108.17,45.0,False,False,False,False,False,True,1,0,0,1,4.6929063002921785,False,True,False,6.0
7.0,3.0,1,60.03,53.0,False,False,False,False,False,True,0,0,0,1,4.111365546556404,False,True,False,3.0
4.0,2.0,1,99.675,48.0,False,False,False,False,False,False,0,1,0,1,4.611897506737518,False,True,False,2.0
8.0,5.0,1,55.13,38.0,False,False,False,False,False,False,0,0,0,1,4.027670428954108,True,False,False,5.0
7.0,5.0,1,137.25,18.0,False,True,False,True,False,False,0,0,0,1,4.929063640402444,False,False,False,5.0
5.0,5.0,1,140.45,69.0,True,False,False,False,False,False,0,0,0,1,4.951946297747576,False,False,True,5.0
7.0,5.0,1,124.22,59.0,True,False,False,True,False,False,0,0,0,1,4.830072190317164,False,True,False,5.0
10.0,5.0,0,171.46,47.0,True,False,False,True,False,False,0,0,0,1,5.150165325524179,False,True,False,0.0
5.0,6.0,0,72.59,9.0,True,False,False,True,False,False,1,0,0,1,4.298509146938508,False,False,False,0.0
5.0,4.0,0,123.63,38.0,True,False,False,False,False,False,0,0,0,1,4.825349347838285,True,False,False,0.0
4.0,6.0,1,34.19,10.0,False,False,True,False,False,False,1,0,0,1,3.5607619513334936,False,False,False,6.0
7.0,3.0,0,89.79,40.0,False,False,False,False,False,True,0,0,0,1,4.508549147383666,True,False,False,0.0
5.0,1.0,0,99.675,58.0,False,True,False,False,False,False,0,1,0,1,4.611897506737518,False,True,False,0.0
9.0,4.0,1,53.61,36.0,False,False,False,True,False,False,0,0,0,1,4.000217016164062,True,False,False,4.0
6.0,8.0,1,41.08,40.0,False,False,True,True,False,False,1,0,0,1,3.7395725684294545,True,False,False,8.0
7.0,7.0,0,70.3,51.0,False,True,False,False,False,True,1,0,0,1,4.26689632742025,False,True,False,0.0
4.0,6.0,1,60.39,29.0,False,False,False,False,False,False,1,0,0,1,4.117246955439405,True,False,False,6.0
8.0,3.0,0,123.98,55.0,False,False,True,True,False,False,0,0,0,1,4.828153724500936,False,True,False,0.0
7.0,4.0,1,155.77,49.0,False,False,True,False,False,False,0,0,0,1,5.05477976308044,False,True,False,4.0
6.0,7.0,1,99.675,28.0,False,True,False,False,False,False,1,0,0,1,4.611897506737518,True,False,False,7.0
8.0,3.0,1,129.32,23.0,False,False,False,True,False,False,0,0,0,1,4.86999296429379,False,False,False,3.0
8.0,3.0,1,105.98,34.0,True,False,False,False,True,False,0,0,0,1,4.672641901103104,True,False,False,3.0
8.0,5.0,0,88.02,35.0,False,False,False,True,False,False,0,0,0,1,4.488861063587708,True,False,False,0.0
8.0,4.0,0,85.72,67.0,False,False,False,False,True,False,0,0,0,1,4.462684537691336,False,False,True,0.0
8.0,4.0,1,181.11,40.0,False,False,True,True,False,False,0,0,0,1,5.2046109001077285,True,False,False,4.0
6.0,2.0,1,113.84,5.0,True,False,False,False,True,False,0,1,0,1,4.743539855252863,False,False,False,2.0
8.0,2.0,1,139.29,13.0,True,False,False,True,False,False,0,1,0,1,4.943711708730681,False,False,False,2.0
9.0,3.0,1,0.0,21.0,True,False,False,True,False,False,0,0,0,1,0.0,False,False,False,3.0
8.0,3.0,1,139.59,61.0,True,False,False,True,False,False,0,0,0,1,4.945847853091816,False,False,True,3.0
7.0,4.0,0,186.6,60.0,False,False,True,False,False,True,0,0,0,1,5.234312036572124,False,True,False,0.0
8.0,5.0,1,141.05,14.0,False,False,True,False,False,False,0,0,0,1,4.956179108300197,False,False,False,5.0
6.0,6.0,0,140.37,41.0,False,True,False,False,False,True,1,0,0,1,4.9513805668789415,False,True,False,0.0
7.0,7.0,1,74.64,28.0,True,False,False,False,False,False,1,0,0,1,4.325985243790257,True,False,False,7.0
8.0,5.0,1,101.4,25.0,False,False,False,False,False,False,0,0,0,1,4.628886712605407,False,False,False,5.0
8.0,7.0,0,151.83,42.0,True,False,False,False,True,False,1,0,0,1,5.029326192539745,False,True,False,0.0
6.0,5.0,0,134.44,32.0,True,False,False,True,False,False,0,0,0,1,4.90852873782488,True,False,False,0.0
10.0,5.0,0,96.95,29.0,False,False,True,False,False,False,0,0,0,1,4.58445714439055,True,False,False,0.0
10.0,4.0,1,65.39,27.0,True,False,False,True,False,False,0,0,0,1,4.195546442731068,True,False,False,4.0
7.0,7.0,1,99.675,46.0,False,False,False,False,False,False,1,0,0,1,4.611897506737518,False,True,False,7.0
6.0,4.0,0,50.74,38.0,True,False,False,False,False,False,0,0,0,1,3.946231176757883,True,False,False,0.0
7.0,2.0,1,99.675,54.0,False,True,False,False,False,False,0,1,0,1,4.611897506737518,False,True,False,2.0
9.0,8.0,1,100.44,14.0,False,False,True,False,False,False,1,0,0,1,4.6194674906889155,False,False,False,8.0
6.0,6.0,1,62.11,26.0,True,False,False,False,False,False,1,0,0,1,4.144879235596148,True,False,False,6.0
10.0,4.0,1,162.74,59.0,False,False,False,False,False,False,0,0,0,1,5.098279803948302,False,True,False,4.0
8.0,7.0,1,128.97,31.0,False,False,False,False,False,False,1,0,0,1,4.867303654593497,True,False,False,7.0
7.0,3.0,1,104.71,34.0,False,True,False,False,False,True,0,0,0,1,4.660699495780571,True,False,False,3.0
8.0,4.0,1,108.85,34.0,True,False,False,True,False,False,0,0,0,1,4.699115798830619,True,False,False,4.0
9.0,5.0,1,160.51,37.0,True,False,False,True,False,False,0,0,0,1,5.084567060250421,True,False,False,5.0
5.0,5.0,0,121.16,26.0,False,False,False,True,False,False,0,0,0,1,4.805331660910377,True,False,False,0.0
6.0,6.0,0,117.22,19.0,False,False,True,True,False,False,1,0,0,1,4.772547295396223,False,False,False,0.0
10.0,6.0,1,76.31,55.0,False,False,True,True,False,False,1,0,0,1,4.347823313332383,False,True,False,6.0
10.0,4.0,0,107.09,29.0,False,False,True,True,False,False,0,0,0,1,4.682964213428112,True,False,False,0.0
7.0,4.0,1,176.76,11.0,False,True,False,False,False,True,0,0,0,1,5.18043432589132,False,False,False,4.0
8.0,7.0,1,85.33,33.0,False,True,False,False,False,False,1,0,0,1,4.4581771622474315,True,False,False,7.0
10.0,9.0,0,165.4,36.0,False,False,True,True,False,False,1,0,0,1,5.114394528387108,True,False,False,0.0
6.0,6.0,1,58.11,49.0,False,False,True,True,False,False,1,0,0,1,4.079400114836278,False,True,False,6.0
5.0,8.0,1,71.92,47.0,False,True,False,True,False,False,1,0,0,1,4.289362949810462,False,True,False,8.0
8.0,5.0,1,122.54,35.0,True,False,False,False,False,False,0,0,0,1,4.816564990267753,True,False,False,5.0
7.0,4.0,1,122.18,38.0,False,False,False,True,False,False,0,0,0,1,4.813646700258897,True,False,False,4.0
10.0,7.0,1,117.25,41.0,False,True,False,False,False,True,1,0,0,1,4.772801027372043,False,True,False,7.0
7.0,5.0,0,142.97,41.0,False,False,False,True,False,False,0,0,0,1,4.969604944538264,False,True,False,0.0
10.0,7.0,0,99.675,32.0,True,False,False,False,False,False,1,0,0,1,4.611897506737518,True,False,False,0.0
8.0,5.0,1,184.9,7.0,False,False,False,True,False,False,0,0,0,1,5.225208894727398,False,False,False,5.0
12.0,5.0,0,29.1,34.0,False,True,False,True,False,False,0,0,0,1,3.40452517175483,True,False,False,0.0
5.0,5.0,1,59.59,51.0,True,False,False,False,True,False,0,0,0,1,4.104129862956897,False,True,False,5.0
2.0,3.0,1,74.93,45.0,True,False,False,False,False,True,0,0,0,1,4.329811863225142,False,True,False,3.0
6.0,3.0,0,160.12,27.0,False,False,False,True,False,False,0,0,0,1,5.0821494289702525,True,False,False,0.0
10.0,8.0,1,76.2,47.0,False,False,True,False,True,False,1,0,0,1,4.3463994570307305,False,True,False,8.0
4.0,3.0,1,20.56,58.0,False,False,False,True,False,False,0,0,0,1,3.0708397460407966,False,True,False,3.0
7.0,3.0,1,49.39,23.0,True,False,False,False,True,False,0,0,0,1,3.9197927426925068,False,False,False,3.0
7.0,7.0,1,0.0,19.0,False,False,True,False,False,False,1,0,0,1,0.0,False,False,False,7.0
8.0,2.0,0,95.72,36.0,False,False,False,False,True,False,0,1,0,1,4.571820206306537,True,False,False,0.0
6.0,7.0,1,165.74,21.0,True,False,False,True,False,False,1,0,0,1,5.116435712982468,False,False,False,7.0
6.0,4.0,0,65.64,60.0,False,True,False,False,False,False,0,0,0,1,4.1993049978585875,False,True,False,0.0
8.0,5.0,1,94.22,1.0,False,False,False,False,True,False,0,0,0,1,4.556190003766373,False,False,False,5.0
5.0,8.0,1,141.33,22.0,False,False,False,False,False,False,1,0,0,1,4.958148305082534,False,False,False,8.0
5.0,6.0,0,33.71,39.0,False,False,False,False,False,True,1,0,0,1,3.547027829873695,True,False,False,0.0
7.0,4.0,0,74.89,44.0,True,False,False,True,False,False,0,0,0,1,4.3292849234158215,False,True,False,0.0
9.0,4.0,1,40.22,21.0,False,True,False,False,False,False,0,0,0,1,3.718923575462313,False,False,False,4.0
8.0,5.0,1,94.63,62.0,False,False,False,False,True,False,0,0,0,1,4.560486578361451,False,False,True,5.0
9.0,2.0,1,112.24,38.0,False,True,False,True,False,False,0,1,0,1,4.7295094602436984,True,False,False,2.0
8.0,5.0,0,115.74,23.0,False,True,False,True,False,False,0,0,0,1,4.759949239775645,False,False,False,0.0
4.0,8.0,0,158.03,31.0,False,True,False,False,False,True,1,0,0,1,5.069092863667825,True,False,False,0.0
8.0,6.0,1,108.63,27.0,True,False,False,True,False,False,1,0,0,1,4.697111059686448,True,False,False,6.0
10.0,5.0,0,110.58,38.0,False,False,True,False,False,False,0,0,0,1,4.714741822417382,True,False,False,0.0
5.0,5.0,1,151.92,33.0,True,False,False,False,False,True,0,0,0,1,5.029914908828212,True,False,False,5.0
5.0,2.0,1,152.39,43.0,False,False,True,True,False,False,0,1,0,1,5.0329836977600175,False,True,False,2.0
10.0,6.0,1,73.09,46.0,False,True,False,True,False,False,1,0,0,1,4.3052805704285655,False,True,False,6.0
7.0,7.0,0,99.675,34.0,True,False,False,False,False,True,1,0,0,1,4.611897506737518,True,False,False,0.0
8.0,1.0,0,75.6,48.0,False,False,True,True,False,False,0,1,0,1,4.338597076746545,False,True,False,0.0
11.0,5.0,1,128.68,11.0,False,True,False,False,False,True,0,0,0,1,4.865069877427421,False,False,False,5.0
10.0,2.0,1,101.24,15.0,True,False,False,False,False,True,0,1,0,1,4.627322990629224,False,False,False,2.0
6.0,7.0,0,102.67,18.0,False,False,True,False,False,False,1,0,0,1,4.641212777335021,False,False,False,0.0
7.0,7.0,0,74.14,51.0,False,False,False,False,True,False,1,0,0,1,4.319353040145823,False,True,False,0.0
6.0,7.0,1,161.06,37.0,False,False,False,True,False,False,1,0,0,1,5.087966637032579,True,False,False,7.0
4.0,9.0,1,78.46,42.0,False,False,False,False,False,False,1,0,0,1,4.375253750386452,False,True,False,9.0
12.0,6.0,0,90.88,19.0,False,False,True,True,False,False,1,0,0,1,4.520483377820898,False,False,False,0.0
8.0,7.0,1,109.24,36.0,False,False,False,True,False,False,1,0,0,1,4.7026598072653485,True,False,False,7.0
6.0,8.0,1,74.14,50.0,False,True,False,False,False,False,1,0,0,1,4.319353040145823,False,True,False,8.0
10.0,5.0,1,95.23,31.0,False,True,False,False,False,False,0,0,0,1,4.566741159368309,True,False,False,5.0
7.0,6.0,0,124.25,12.0,False,False,False,True,False,False,1,0,0,1,4.830311739964974,False,False,False,0.0
7.0,4.0,1,58.99,42.0,False,False,True,False,False,False,0,0,0,1,4.094177881665002,False,True,False,4.0
10.0,3.0,0,167.07,30.0,False,True,False,False,False,True,0,0,0,1,5.1243805592884755,True,False,False,0.0
9.0,6.0,1,199.64,41.0,False,False,True,False,False,False,1,0,0,1,5.301512257444556,False,True,False,6.0
11.0,2.0,1,71.69,22.0,False,False,True,False,False,False,0,1,0,1,4.286203823496544,False,False,False,2.0
3.0,7.0,1,156.92,41.0,False,True,False,True,False,False,1,0,0,1,5.062088575685172,False,True,False,7.0
7.0,4.0,1,131.42,9.0,False,False,False,False,False,True,0,0,0,1,4.8859786894967,False,False,False,4.0
4.0,5.0,1,86.02,44.0,False,False,False,True,False,False,0,0,0,1,4.466137977292534,False,True,False,5.0
7.0,5.0,1,72.3,39.0,False,False,True,True,False,False,0,0,0,1,4.294560608892605,True,False,False,5.0
4.0,3.0,0,77.99,43.0,True,False,False,True,False,False,0,0,0,1,4.369321262176328,False,True,False,0.0
6.0,6.0,0,114.92,48.0,False,False,False,True,False,False,1,0,0,1,4.752900298012427,False,True,False,0.0
6.0,5.0,1,12.78,33.0,False,True,False,False,False,True,0,0,0,1,2.6232182655855123,True,False,False,5.0
9.0,4.0,1,29.9,29.0,False,False,False,False,False,False,0,0,0,1,3.4307561839036995,True,False,False,4.0
8.0,5.0,1,99.49,53.0,False,False,True,False,True,False,0,0,0,1,4.610058220060868,False,True,False,5.0
8.0,6.0,0,118.07,25.0,False,False,True,False,False,False,1,0,0,1,4.779711555463083,False,False,False,0.0
6.0,5.0,1,157.09,68.0,False,False,False,False,False,False,0,0,0,1,5.063164491108096,False,False,True,5.0
3.0,5.0,0,157.19,33.0,True,False,False,True,False,False,0,0,0,1,5.063796842210488,True,False,False,0.0
7.0,7.0,1,222.23,36.0,False,False,False,True,False,False,1,0,0,1,5.408202630077279,True,False,False,7.0
6.0,5.0,1,136.45,30.0,False,True,False,False,False,False,0,0,0,1,4.923260214611255,True,False,False,5.0
7.0,6.0,0,163.46,28.0,True,False,False,True,False,False,1,0,0,1,5.1026673795427495,True,False,False,0.0
12.0,5.0,1,143.26,48.0,True,False,False,True,False,False,0,0,0,1,4.971617227075527,False,True,False,5.0
7.0,4.0,1,114.31,58.0,False,False,False,True,False,False,0,0,0,1,4.747624153783025,False,True,False,4.0
7.0,7.0,1,99.675,48.0,False,False,False,False,False,False,1,0,0,1,4.611897506737518,False,True,False,7.0
6.0,7.0,1,23.64,34.0,False,False,False,False,True,False,1,0,0,1,3.204371138665319,True,False,False,7.0
9.0,4.0,0,99.675,44.0,False,False,False,False,True,False,0,0,0,1,4.611897506737518,False,True,False,0.0
9.0,6.0,0,42.27,45.0,False,False,False,True,False,False,1,0,0,1,3.7674595542367935,False,True,False,0.0
4.0,3.0,1,82.59,19.0,False,True,False,True,False,False,0,0,0,1,4.4259238957110645,False,False,False,3.0
8.0,7.0,0,150.91,34.0,False,False,False,False,False,False,1,0,0,1,5.023288240219571,True,False,False,0.0
9.0,3.0,1,69.05,25.0,False,False,False,False,False,True,0,0,0,1,4.249209272783016,False,False,False,3.0
7.0,6.0,1,104.04,44.0,False,False,True,False,False,True,1,0,0,1,4.654341229994541,False,True,False,6.0
7.0,6.0,1,83.45,32.0,False,False,False,False,False,False,1,0,0,1,4.436159643253809,True,False,False,6.0
7.0,6.0,1,99.675,17.0,False,True,False,False,True,False,1,0,0,1,4.611897506737518,False,False,False,6.0
6.0,7.0,0,85.56,68.0,True,False,False,True,False,False,1,0,0,1,4.460837815098172,False,False,True,0.0
6.0,4.0,0,36.48,26.0,False,False,False,False,False,True,0,0,0,1,3.6238074573702215,True,False,False,0.0
9.0,2.0,1,170.25,34.0,False,False,False,True,False,False,0,1,0,1,5.143124477142335,True,False,False,2.0
6.0,4.0,1,118.94,50.0,False,False,True,False,False,True,0,0,0,1,4.786991617740363,False,True,False,4.0
6.0,6.0,1,67.89,32.0,False,True,False,False,False,False,1,0,0,1,4.232511029605105,True,False,False,6.0
8.0,5.0,0,63.9,67.0,False,False,True,True,False,False,0,0,0,1,4.1728476237100445,False,False,True,0.0
4.0,5.0,1,113.18,53.0,False,False,False,False,False,False,0,0,0,1,4.737776150536114,False,True,False,5.0
7.0,3.0,0,205.18,45.0,False,True,False,True,False,False,0,0,0,1,5.328749573668238,False,True,False,0.0
7.0,4.0,1,158.25,7.0,False,False,True,True,False,False,0,0,0,1,5.070475294452272,False,False,False,4.0
5.0,6.0,0,64.66,33.0,False,True,False,True,False,False,1,0,0,1,4.184489912073446,True,False,False,0.0
8.0,5.0,1,44.5,36.0,False,False,False,True,False,False,0,0,0,1,3.817712325956905,True,False,False,5.0
8.0,8.0,1,46.1,71.0,False,False,False,True,False,False,1,0,0,1,3.8522730010223722,False,False,True,8.0
10.0,4.0,1,160.05,34.0,True,False,False,False,False,False,0,0,0,1,5.081714875777208,True,False,False,4.0
6.0,8.0,1,117.22,16.0,False,True,False,False,False,True,1,0,0,1,4.772547295396223,False,False,False,8.0
6.0,5.0,1,99.675,34.0,False,False,False,False,False,True,0,0,0,1,4.611897506737518,True,False,False,5.0
5.0,7.0,0,59.68,38.0,False,False,False,False,False,False,1,0,0,1,4.105614154480332,True,False,False,0.0
8.0,5.0,1,75.76,31.0,True,False,False,True,False,False,0,0,0,1,4.340683671139499,True,False,False,5.0
2.0,7.0,1,68.49,60.0,True,False,False,True,False,False,1,0,0,1,4.241182857326236,False,True,False,7.0
7.0,5.0,1,135.86,38.0,False,False,False,False,True,False,0,0,0,1,4.918958505524352,True,False,False,5.0
4.0,7.0,0,111.94,59.0,False,False,False,False,False,False,1,0,0,1,4.726856704244691,False,True,False,0.0
6.0,5.0,0,95.83,30.0,False,False,True,False,False,True,0,0,0,1,4.57295686362344,True,False,False,0.0
6.0,1.0,0,81.12,34.0,False,False,False,True,False,False,0,1,0,1,4.408181592150733,True,False,False,0.0
6.0,7.0,1,96.52,31.0,False,False,False,False,False,False,1,0,0,1,4.5800574851730165,True,False,False,7.0
5.0,4.0,0,99.675,29.0,False,False,True,False,False,False,0,0,0,1,4.611897506737518,True,False,False,0.0
4.0,6.0,1,99.675,26.0,True,False,False,False,False,False,1,0,0,1,4.611897506737518,True,False,False,6.0
8.0,9.0,1,67.05,55.0,False,False,False,False,False,False,1,0,0,1,4.220242729097475,False,True,False,9.0
8.0,5.0,1,48.6,4.0,False,False,False,False,False,False,0,0,0,1,3.903990833730882,False,False,False,5.0
7.0,4.0,0,74.89,44.0,True,False,False,True,False,False,0,0,0,1,4.3292849234158215,False,True,False,0.0
4.0,3.0,1,22.78,37.0,False,True,False,False,False,True,0,0,0,1,3.1688448912626357,True,False,False,3.0
6.0,5.0,1,91.4,31.0,True,False,False,False,True,False,0,0,0,1,4.526126978647638,True,False,False,5.0
6.0,4.0,1,0.0,28.0,False,True,False,True,False,False,0,0,0,1,0.0,True,False,False,4.0
7.0,6.0,0,134.75,34.0,False,False,True,False,False,True,1,0,0,1,4.910814958814044,True,False,False,0.0
8.0,6.0,0,47.07,23.0,False,False,False,False,False,False,1,0,0,1,3.8726582819058692,False,False,False,0.0
9.0,6.0,1,107.47,35.0,False,False,False,False,False,False,1,0,0,1,4.686473637052126,True,False,False,6.0
6.0,8.0,1,160.23,37.0,False,False,True,True,False,False,1,0,0,1,5.082831916975648,True,False,False,8.0
6.0,5.0,1,125.27,30.0,False,False,True,True,False,False,0,0,0,1,4.838422471450589,True,False,False,5.0
11.0,5.0,1,118.76,34.0,False,True,False,False,False,False,0,0,0,1,4.785489740111373,True,False,False,5.0
7.0,7.0,1,78.06,40.0,False,False,False,False,False,False,1,0,0,1,4.370207057868539,True,False,False,7.0
7.0,6.0,1,99.675,0.0,False,True,False,True,False,False,1,0,0,1,4.611897506737518,False,False,False,6.0
8.0,6.0,0,73.73,34.0,False,True,False,False,False,False,1,0,0,1,4.313881617942199,True,False,False,0.0
4.0,7.0,0,63.52,37.0,False,True,False,False,False,False,1,0,0,1,4.166975253257008,True,False,False,0.0
5.0,5.0,1,132.66,22.0,False,False,True,True,False,False,0,0,0,1,4.895299262082924,False,False,False,5.0
6.0,5.0,0,160.3,47.0,False,True,False,False,True,False,0,0,0,1,5.083265985131163,False,True,False,0.0
5.0,5.0,0,45.78,57.0,False,False,False,False,False,False,0,0,0,1,3.845455761156033,False,True,False,0.0
8.0,5.0,1,65.7,0.0,False,True,False,False,False,True,0,0,0,1,4.200204952921578,False,False,False,5.0
4.0,4.0,1,153.9,31.0,False,False,False,False,True,False,0,0,0,1,5.042779747422823,True,False,False,4.0
5.0,5.0,1,109.79,34.0,False,True,False,True,False,False,0,0,0,1,4.707636517532581,True,False,False,5.0
6.0,4.0,1,99.675,42.0,False,False,True,False,False,True,0,0,0,1,4.611897506737518,False,True,False,4.0
6.0,6.0,1,138.21,29.0,False,False,False,True,False,False,1,0,0,1,4.935983584400476,True,False,False,6.0
7.0,5.0,0,44.13,40.0,False,False,False,False,False,True,0,0,0,1,3.80954721383891,True,False,False,0.0
5.0,4.0,1,195.22,44.0,False,False,True,False,False,False,0,0,0,1,5.279236478735244,False,True,False,4.0
9.0,7.0,1,81.69,26.0,True,False,False,False,True,False,1,0,0,1,4.415098675734075,True,False,False,7.0
6.0,5.0,1,55.1,41.0,False,False,False,False,False,False,0,0,0,1,4.027135812528651,False,True,False,5.0
7.0,6.0,1,99.675,47.0,False,True,False,False,False,False,1,0,0,1,4.611897506737518,False,True,False,6.0
4.0,7.0,1,130.5,58.0,False,True,False,False,False,False,1,0,0,1,4.879006851617819,False,True,False,7.0
5.0,4.0,1,72.56,34.0,False,False,False,False,True,False,0,0,0,1,4.298101399736121,True,False,False,4.0
7.0,5.0,1,130.74,9.0,True,False,False,False,False,False,0,0,0,1,4.880830283212547,False,False,False,5.0
10.0,8.0,0,104.96,47.0,False,True,False,True,False,False,1,0,0,1,4.663061664403869,False,True,False,0.0
9.0,3.0,0,18.72,16.0,False,False,True,False,False,False,0,0,0,1,2.9816333491744893,False,False,False,0.0
8.0,8.0,0,46.51,49.0,True,False,False,False,False,True,1,0,0,1,3.8609402151988297,False,True,False,0.0
10.0,4.0,1,57.39,34.0,False,True,False,False,False,False,0,0,0,1,4.067144642295446,True,False,False,4.0
5.0,5.0,1,82.52,11.0,False,False,False,False,True,False,0,0,0,1,4.425086124134329,False,False,False,5.0
7.0,9.0,1,29.8,27.0,True,False,False,True,False,False,1,0,0,1,3.427514689979529,True,False,False,9.0
9.0,4.0,0,70.24,26.0,True,False,False,True,False,False,0,0,0,1,4.266054458421461,True,False,False,0.0
5.0,6.0,1,121.48,44.0,False,False,True,False,False,False,1,0,0,1,4.807947751349428,False,True,False,6.0
7.0,4.0,1,63.89,51.0,False,True,False,False,True,False,0,0,0,1,4.1726935286330775,False,True,False,4.0
11.0,5.0,1,99.675,18.0,False,True,False,True,False,False,0,0,0,1,4.611897506737518,False,False,False,5.0
7.0,6.0,1,144.34,33.0,True,False,False,False,False,True,1,0,0,1,4.97907582518849,True,False,False,6.0
6.0,2.0,0,99.675,17.0,True,False,False,False,True,False,0,1,0,1,4.611897506737518,False,False,False,0.0
7.0,7.0,1,105.69,64.0,False,False,False,False,False,False,1,0,0,1,4.66992743320337,False,False,True,7.0
10.0,4.0,1,65.39,27.0,True,False,False,True,False,False,0,0,0,1,4.195546442731068,True,False,False,4.0
7.0,4.0,0,112.61,24.0,False,True,False,False,False,False,0,0,0,1,4.732771530581813,False,False,False,0.0
5.0,4.0,1,61.04,23.0,True,False,False,False,False,False,0,0,0,1,4.127779338308338,False,False,False,4.0
9.0,1.0,0,88.97,34.0,True,False,False,False,False,False,0,1,0,1,4.499476281429027,True,False,False,0.0
8.0,6.0,0,8.7,31.0,False,False,True,True,False,False,1,0,0,1,2.272125885509337,True,False,False,0.0
6.0,4.0,0,161.19,18.0,False,False,False,True,False,False,0,0,0,1,5.088768487499598,False,False,False,0.0
9.0,5.0,0,88.03,30.0,False,False,True,False,False,False,0,0,0,1,4.48897339158558,True,False,False,0.0
7.0,3.0,0,34.29,30.0,False,False,False,False,True,False,0,0,0,1,3.5635996376871786,True,False,False,0.0
9.0,4.0,1,116.99,37.0,False,False,True,True,False,False,0,0,0,1,4.770599875111828,True,False,False,4.0
6.0,7.0,1,92.22,34.0,False,False,False,True,False,False,1,0,0,1,4.534962290944595,True,False,False,7.0
8.0,6.0,1,204.04,43.0,False,True,False,True,False,False,1,0,0,1,5.323205082055815,False,True,False,6.0
6.0,6.0,1,99.675,19.0,True,False,False,True,False,False,1,0,0,1,4.611897506737518,False,False,False,6.0
6.0,6.0,0,117.22,19.0,False,False,True,True,False,False,1,0,0,1,4.772547295396223,False,False,False,0.0
7.0,6.0,0,71.87,21.0,True,False,False,False,False,False,1,0,0,1,4.288677031682191,False,False,False,0.0
5.0,5.0,0,67.13,41.0,False,False,False,False,True,False,0,0,0,1,4.221417644785577,False,True,False,0.0
6.0,5.0,0,59.66,18.0,True,False,False,True,False,False,0,0,0,1,4.105284502260435,False,False,False,0.0
5.0,6.0,0,99.675,25.0,True,False,False,True,False,False,1,0,0,1,4.611897506737518,False,False,False,0.0
12.0,7.0,0,84.85,49.0,True,False,False,True,False,False,1,0,0,1,4.4526015873434845,False,True,False,0.0
8.0,5.0,1,110.96,34.0,False,True,False,True,False,False,0,0,0,1,4.718141664647253,True,False,False,5.0
6.0,4.0,1,70.46,31.0,False,True,False,True,False,False,0,0,0,1,4.2691378525952635,True,False,False,4.0
5.0,3.0,1,84.92,32.0,False,False,False,False,False,False,0,0,0,1,4.453416630760555,True,False,False,3.0
7.0,3.0,1,36.03,17.0,True,False,False,False,False,False,0,0,0,1,3.6117283949255214,False,False,False,3.0
7.0,6.0,0,147.13,58.0,False,True,False,True,False,False,1,0,0,1,4.998090266593961,False,True,False,0.0
11.0,6.0,1,116.91,39.0,False,False,False,True,False,False,1,0,0,1,4.769921621588582,True,False,False,6.0
7.0,7.0,0,108.99,19.0,False,True,False,True,False,False,1,0,0,1,4.700389452569025,False,False,False,0.0
8.0,4.0,1,37.47,63.0,False,True,False,False,True,False,0,0,0,1,3.6498787167642037,False,False,True,4.0
7.0,7.0,0,11.77,57.0,False,False,False,False,False,False,1,0,0,1,2.547098670044448,False,True,False,0.0
9.0,4.0,1,214.74,46.0,True,False,False,False,False,True,0,0,0,1,5.374073978947283,False,True,False,4.0
8.0,6.0,1,140.8,34.0,False,False,False,False,False,False,1,0,0,1,4.954417614098027,True,False,False,6.0
8.0,5.0,1,28.59,28.0,True,False,False,True,False,False,0,0,0,1,3.3874364664121184,True,False,False,5.0
8.0,7.0,1,55.46,34.0,False,True,False,False,False,False,1,0,0,1,4.033532422825343,True,False,False,7.0
8.0,5.0,0,141.24,52.0,False,False,False,False,False,False,0,0,0,1,4.957515771765594,False,True,False,0.0
6.0,5.0,1,190.48,33.0,True,False,False,True,False,False,0,0,0,1,5.254783364524308,True,False,False,5.0
8.0,4.0,1,99.675,41.0,True,False,False,False,False,True,0,0,0,1,4.611897506737518,False,True,False,4.0
4.0,8.0,1,131.77,30.0,True,False,False,True,False,False,1,0,0,1,4.8886183079078105,True,False,False,8.0
5.0,5.0,1,61.71,37.0,False,True,False,False,False,True,0,0,0,1,4.138520924554929,True,False,False,5.0
7.0,5.0,0,174.52,34.0,False,False,False,False,False,True,0,0,0,1,5.16775299652692,True,False,False,0.0
8.0,6.0,1,0.0,50.0,True,False,False,False,False,True,1,0,0,1,0.0,False,True,False,6.0
7.0,6.0,1,55.44,45.0,False,True,False,False,False,False,1,0,0,1,4.033178126984613,False,True,False,6.0
11.0,9.0,0,42.7,32.0,False,True,False,True,False,False,1,0,0,1,3.7773481021015445,True,False,False,0.0
4.0,6.0,1,43.12,43.0,False,False,False,True,False,False,1,0,0,1,3.786913194385302,False,True,False,6.0
5.0,5.0,0,5.76,48.0,False,False,False,False,False,False,0,0,0,1,1.9110228900548727,False,True,False,0.0
8.0,8.0,0,76.58,58.0,False,False,True,True,False,False,1,0,0,1,4.351309662011821,False,True,False,0.0
7.0,7.0,1,1.5,64.0,True,False,False,True,False,False,1,0,0,1,0.9162907318741551,False,False,True,7.0
5.0,6.0,1,64.67,30.0,False,False,True,True,False,False,1,0,0,1,4.184642200202881,True,False,False,6.0
10.0,1.0,1,89.07,41.0,False,False,True,False,True,False,0,1,0,1,4.5005871457956514,False,True,False,1.0
8.0,3.0,0,129.94,38.0,False,True,False,True,False,False,0,0,0,1,4.874739203012945,True,False,False,0.0
9.0,6.0,1,99.2,36.0,False,True,False,True,False,False,1,0,0,1,4.607168188650764,True,False,False,6.0
9.0,9.0,0,61.46,46.0,False,True,False,False,False,False,1,0,0,1,4.134526351854933,False,True,False,0.0
6.0,9.0,0,70.65,55.0,False,False,True,True,False,False,1,0,0,1,4.271793154274181,False,True,False,0.0
5.0,7.0,1,109.95,34.0,True,False,False,True,False,False,1,0,0,1,4.709079649378603,True,False,False,7.0
11.0,3.0,0,60.53,27.0,False,False,False,True,False,False,0,0,0,1,4.119524860752399,True,False,False,0.0
6.0,4.0,1,99.675,33.0,False,True,False,True,False,False,0,0,0,1,4.611897506737518,True,False,False,4.0
9.0,3.0,1,154.66,23.0,False,False,False,True,False,False,0,0,0,1,5.0476741415312425,False,False,False,3.0
8.0,4.0,1,99.675,29.0,False,False,False,False,False,True,0,0,0,1,4.611897506737518,True,False,False,4.0
8.0,1.0,1,30.55,39.0,False,True,False,False,False,False,0,1,0,1,3.4515735889872223,True,False,False,1.0
7.0,7.0,0,124.41,24.0,True,False,False,False,False,False,1,0,0,1,4.831588369835958,False,False,False,0.0
7.0,4.0,0,77.31,65.0,False,False,False,False,True,False,0,0,0,1,4.360675308762846,False,False,True,0.0
5.0,4.0,1,195.22,44.0,False,False,True,False,False,False,0,0,0,1,5.279236478735244,False,True,False,4.0
5.0,4.0,1,99.675,27.0,False,True,False,False,False,False,0,0,0,1,4.611897506737518,True,False,False,4.0
8.0,4.0,1,170.34,24.0,False,False,False,False,False,False,0,0,0,1,5.143649886535898,False,False,False,4.0
7.0,5.0,1,146.72,25.0,True,False,False,False,False,False,0,0,0,1,4.995318589984363,False,False,False,5.0
6.0,7.0,0,100.47,23.0,False,False,False,True,False,False,1,0,0,1,4.6197631882909915,False,False,False,0.0
4.0,4.0,1,114.77,44.0,False,False,False,False,False,True,0,0,0,1,4.751605464217637,False,True,False,4.0
6.0,6.0,0,130.26,33.0,False,False,False,False,False,True,1,0,0,1,4.877180089045576,True,False,False,0.0
8.0,3.0,1,107.62,44.0,False,False,False,False,False,False,0,0,0,1,4.687855552606699,False,True,False,3.0
6.0,6.0,1,56.6,4.0,False,False,False,False,False,False,1,0,0,1,4.053522567701846,False,False,False,6.0
9.0,3.0,0,0.0,35.0,False,True,False,True,False,False,0,0,0,1,0.0,True,False,False,0.0
6.0,6.0,0,26.29,31.0,False,False,False,False,False,True,1,0,0,1,3.306520334720247,True,False,False,0.0
9.0,2.0,0,146.81,38.0,False,False,False,True,False,False,0,1,0,1,4.995927665223982,True,False,False,0.0
7.0,5.0,0,159.12,50.0,True,False,False,False,False,False,0,0,0,1,5.075923534124373,False,True,False,0.0
7.0,6.0,1,159.11,24.0,False,False,True,True,False,False,1,0,0,1,5.075861079013963,False,False,False,6.0
6.0,8.0,0,84.16,39.0,False,True,False,False,False,False,1,0,0,1,4.444531840025279,True,False,False,0.0
7.0,4.0,1,97.76,41.0,True,False,False,False,False,True,0,0,0,1,4.592692664476979,False,True,False,4.0
5.0,7.0,1,162.57,13.0,False,True,False,True,False,False,1,0,0,1,5.097241033270434,False,False,False,7.0
5.0,5.0,0,14.63,17.0,True,False,False,False,False,False,0,0,0,1,2.749192144433385,False,False,False,0.0
6.0,8.0,1,18.37,18.0,False,False,False,False,False,True,1,0,0,1,2.9637254774189046,False,False,False,8.0
12.0,5.0,1,153.45,33.0,False,False,False,False,False,False,0,0,0,1,5.039870419364591,True,False,False,5.0
9.0,6.0,1,103.5,25.0,False,False,True,True,False,False,1,0,0,1,4.6491870714048655,False,False,False,6.0
7.0,3.0,1,115.98,4.0,False,True,False,True,False,False,0,0,0,1,4.76200298001488,False,False,False,3.0
9.0,5.0,0,99.675,33.0,False,True,False,False,False,False,0,0,0,1,4.611897506737518,True,False,False,0.0
4.0,3.0,1,152.72,34.0,True,False,False,False,False,False,0,0,0,1,5.035132765696643,True,False,False,3.0
9.0,6.0,1,0.0,59.0,False,False,True,False,False,False,1,0,0,1,0.0,False,True,False,6.0
9.0,5.0,0,43.28,31.0,False,True,False,True,False,False,0,0,0,1,3.790533107840436,True,False,False,0.0
8.0,5.0,1,81.8,26.0,False,True,False,True,False,False,0,0,0,1,4.416428061391214,True,False,False,5.0
12.0,5.0,1,99.675,17.0,False,False,False,True,False,False,0,0,0,1,4.611897506737518,False,False,False,5.0
3.0,2.0,1,113.33,39.0,True,False,False,True,False,False,0,1,0,1,4.739089003553879,True,False,False,2.0
8.0,5.0,1,54.2,16.0,True,False,False,False,False,True,0,0,0,1,4.01096295328305,False,False,False,5.0
6.0,7.0,0,34.93,26.0,False,False,False,False,True,False,1,0,0,1,3.581572601125427,True,False,False,0.0
8.0,6.0,1,144.83,36.0,True,False,False,False,False,False,1,0,0,1,4.982441559725474,True,False,False,6.0
5.0,4.0,1,99.675,36.0,True,False,False,False,False,False,0,0,0,1,4.611897506737518,True,False,False,4.0
8.0,3.0,1,129.11,23.0,False,True,False,False,True,False,0,0,0,1,4.868380246515384,False,False,False,3.0
8.0,3.0,1,159.98,58.0,False,True,False,False,True,False,0,0,0,1,5.0812801336655875,False,True,False,3.0
6.0,5.0,0,125.27,25.0,False,True,False,True,False,False,0,0,0,1,4.838422471450589,False,False,False,0.0
8.0,8.0,1,104.25,57.0,False,True,False,True,False,False,1,0,0,1,4.656338472562491,False,True,False,8.0
6.0,5.0,1,150.67,63.0,False,False,False,True,False,False,0,0,0,1,5.021707108063305,False,False,True,5.0
7.0,6.0,1,165.03,31.0,False,False,True,False,False,False,1,0,0,1,5.112168494919695,True,False,False,6.0
7.0,5.0,1,195.47,36.0,True,False,False,True,False,False,0,0,0,1,5.280509747898072,True,False,False,5.0
9.0,6.0,1,115.96,36.0,False,False,True,True,False,False,1,0,0,1,4.761831996001468,True,False,False,6.0
9.0,5.0,1,26.86,33.0,False,False,True,False,True,False,0,0,0,1,3.3271919683516598,True,False,False,5.0
3.0,5.0,1,145.08,9.0,False,False,False,True,False,False,0,0,0,1,4.984154416846659,False,False,False,5.0
5.0,4.0,1,96.7,24.0,False,False,True,False,False,False,0,0,0,1,4.581901559048737,False,False,False,4.0
8.0,3.0,0,25.52,37.0,False,False,True,True,False,False,0,0,0,1,3.277899165317662,True,False,False,0.0
5.0,5.0,1,160.63,24.0,False,False,False,True,False,False,0,0,0,1,5.085309772421717,False,False,False,5.0
7.0,7.0,0,18.93,58.0,False,True,False,False,True,False,1,0,0,1,2.9922261342247034,False,True,False,0.0
5.0,9.0,0,22.34,27.0,False,False,False,False,False,False,1,0,0,1,3.15016862685841,True,False,False,0.0
7.0,5.0,1,88.95,16.0,False,False,False,True,False,False,0,0,0,1,4.499253960396542,False,False,False,5.0
4.0,6.0,0,48.75,59.0,False,False,False,False,False,True,1,0,0,1,3.907010463604602,False,True,False,0.0
10.0,2.0,1,83.31,43.0,False,False,False,False,False,False,0,1,0,1,4.434500481934585,False,True,False,2.0
10.0,4.0,0,61.25,42.0,True,False,False,True,False,False,0,0,0,1,4.131158535344817,False,True,False,0.0
6.0,5.0,0,114.36,21.0,False,True,False,True,False,False,0,0,0,1,4.748057673536639,False,False,False,0.0
8.0,4.0,1,64.86,39.0,False,False,True,True,False,False,0,0,0,1,4.187531276948218,True,False,False,4.0
6.0,8.0,1,103.86,58.0,False,False,False,True,False,False,1,0,0,1,4.652626127144387,False,True,False,8.0
7.0,8.0,0,92.7,9.0,False,True,False,False,False,False,1,0,0,1,4.540098189244376,False,False,False,0.0
6.0,7.0,0,46.81,42.0,False,False,False,False,False,True,1,0,0,1,3.867234822638012,False,True,False,0.0
6.0,4.0,0,117.05,34.0,True,False,False,True,False,False,0,0,0,1,4.771108263531522,True,False,False,0.0
7.0,4.0,0,179.17,41.0,False,False,False,True,False,False,0,0,0,1,5.1939008496276085,False,True,False,0.0
7.0,5.0,1,54.59,14.0,False,False,False,True,False,False,0,0,0,1,4.018003328965378,False,False,False,5.0
6.0,6.0,1,156.71,45.0,True,False,False,False,True,False,1,0,0,1,5.060757903499466,False,True,False,6.0
7.0,5.0,1,123.08,35.0,False,True,False,False,False,True,0,0,0,1,4.8209265188682835,True,False,False,5.0
4.0,6.0,0,93.29,14.0,True,False,False,False,False,False,1,0,0,1,4.546375139477586,False,False,False,0.0
9.0,6.0,0,0.0,34.0,False,False,True,False,False,True,1,0,0,1,0.0,True,False,False,0.0
5.0,4.0,1,134.95,33.0,True,False,False,False,False,False,0,0,0,1,4.9122871710784795,True,False,False,4.0
10.0,6.0,1,65.95,33.0,True,False,False,False,False,True,1,0,0,1,4.203946072137182,True,False,False,6.0
3.0,5.0,1,145.08,9.0,False,False,False,True,False,False,0,0,0,1,4.984154416846659,False,False,False,5.0
6.0,5.0,0,155.15,16.0,False,False,False,False,False,False,0,0,0,1,5.050817083729088,False,False,False,0.0
5.0,5.0,1,101.22,27.0,False,False,True,False,False,False,0,0,0,1,4.627127353340134,True,False,False,5.0
4.0,3.0,1,83.08,47.0,False,False,False,True,False,False,0,0,0,1,4.431768726568696,False,True,False,3.0
4.0,2.0,0,92.91,45.0,False,False,True,False,True,False,0,1,0,1,4.542336876816522,False,True,False,0.0
4.0,5.0,1,140.84,23.0,True,False,False,True,False,False,0,0,0,1,4.954699661765953,False,False,False,5.0
5.0,6.0,0,68.04,7.0,False,False,False,True,False,False,1,0,0,1,4.234686046775173,False,False,False,0.0
7.0,5.0,0,0.0,42.0,False,False,False,True,False,False,0,0,0,1,0.0,False,True,False,0.0
10.0,5.0,0,116.25,30.0,False,False,True,False,False,True,0,0,0,1,4.764308407326388,True,False,False,0.0
8.0,7.0,1,71.3,33.0,True,False,False,True,False,False,1,0,0,1,4.280824129164719,True,False,False,7.0
7.0,6.0,1,35.12,20.0,True,False,False,True,False,False,1,0,0,1,3.5868467285487844,False,False,False,6.0
10.0,3.0,1,59.11,27.0,False,True,False,True,False,False,0,0,0,1,4.09617621705107,True,False,False,3.0
8.0,4.0,0,181.32,46.0,False,False,False,True,False,False,0,0,0,1,5.205763384937429,False,True,False,0.0
8.0,7.0,0,99.86,34.0,True,False,False,True,False,False,1,0,0,1,4.6137334166485795,True,False,False,0.0
8.0,5.0,1,99.03,8.0,False,False,False,False,False,False,0,0,0,1,4.605470140997089,False,False,False,5.0
6.0,7.0,0,41.06,36.0,False,False,False,True,False,False,1,0,0,1,3.7390971702745537,True,False,False,0.0
9.0,6.0,0,99.675,35.0,False,False,False,True,False,False,1,0,0,1,4.611897506737518,True,False,False,0.0
6.0,3.0,1,3.39,33.0,True,False,False,False,True,False,0,0,0,1,1.47932922708708,True,False,False,3.0
9.0,5.0,1,91.52,40.0,False,True,False,True,False,False,0,0,0,1,4.527424837363238,True,False,False,5.0
2.0,5.0,0,81.32,53.0,False,True,False,True,False,False,0,0,0,1,4.410614091525794,False,True,False,0.0
4.0,5.0,0,17.55,50.0,True,False,False,False,False,False,0,0,0,1,2.920469789053444,False,True,False,0.0
7.0,5.0,1,146.4,9.0,False,False,True,False,False,False,0,0,0,1,4.993149979755236,False,False,False,5.0
5.0,8.0,1,198.54,28.0,False,False,False,True,False,False,1,0,0,1,5.296014717485361,True,False,False,8.0
9.0,6.0,1,42.15,34.0,False,False,False,False,False,True,1,0,0,1,3.764682417529437,True,False,False,6.0
11.0,4.0,1,88.08,24.0,False,False,False,False,False,False,0,0,0,1,4.489534842389167,False,False,False,4.0
11.0,5.0,1,0.0,18.0,True,False,False,True,False,False,0,0,0,1,0.0,False,False,False,5.0
8.0,3.0,1,144.5,44.0,False,False,True,True,False,False,0,0,0,1,4.980176086611547,False,True,False,3.0
3.0,4.0,1,86.55,0.0,False,False,True,True,False,False,0,0,0,1,4.472210058731861,False,False,False,4.0
6.0,3.0,0,99.675,26.0,False,True,False,False,False,False,0,0,0,1,4.611897506737518,True,False,False,0.0
8.0,3.0,1,90.93,51.0,False,False,True,False,False,False,0,0,0,1,4.521027417875663,False,True,False,3.0
6.0,7.0,0,42.41,41.0,False,True,False,False,False,False,1,0,0,1,3.770689829311502,False,True,False,0.0
5.0,4.0,1,64.25,43.0,False,True,False,False,False,False,0,0,0,1,4.178226046202803,False,True,False,4.0
7.0,4.0,0,85.4,13.0,False,False,True,False,False,False,0,0,0,1,4.45898767581001,False,False,False,0.0
7.0,6.0,1,104.04,44.0,False,False,True,False,False,True,1,0,0,1,4.654341229994541,False,True,False,6.0
4.0,9.0,0,83.61,50.0,False,False,False,False,False,False,1,0,0,1,4.43805246293641,False,True,False,0.0
8.0,7.0,1,145.8,45.0,False,False,True,True,False,False,1,0,0,1,4.9890711161804155,False,True,False,7.0
8.0,5.0,1,116.29,23.0,False,False,True,True,False,False,0,0,0,1,4.764649500533414,False,False,False,5.0
8.0,6.0,0,152.64,9.0,True,False,False,False,True,False,1,0,0,1,5.034612203477704,False,False,False,0.0
6.0,3.0,0,45.23,7.0,False,True,False,True,False,False,0,0,0,1,3.833628938000134,False,False,False,0.0
8.0,6.0,1,75.2,48.0,False,True,False,False,True,False,1,0,0,1,4.333361462692601,False,True,False,6.0
7.0,6.0,0,98.09,25.0,False,False,False,False,False,True,1,0,0,1,4.596028528070808,False,False,False,0.0
6.0,5.0,1,71.9,28.0,False,False,True,False,True,False,0,0,0,1,4.289088639014612,True,False,False,5.0
7.0,9.0,0,133.82,26.0,False,False,True,True,False,False,1,0,0,1,4.903940555425293,True,False,False,0.0
10.0,4.0,1,68.17,41.0,True,False,False,False,False,False,0,0,0,1,4.236567242612494,False,True,False,4.0
7.0,5.0,1,103.67,34.0,False,False,False,False,False,True,0,0,0,1,4.650812543866793,True,False,False,5.0
4.0,6.0,0,85.99,48.0,False,True,False,False,False,False,1,0,0,1,4.46579316951945,False,True,False,0.0
9.0,6.0,1,74.0,19.0,True,False,False,False,False,False,1,0,0,1,4.31748811353631,False,False,False,6.0
9.0,8.0,1,80.9,50.0,False,True,False,True,False,False,1,0,0,1,4.405498990859024,False,True,False,8.0
5.0,7.0,1,0.73,36.0,False,True,False,True,False,False,1,0,0,1,0.5481214085096876,True,False,False,7.0
7.0,6.0,1,98.87,12.0,False,False,False,False,True,False,1,0,0,1,4.603869340255043,False,False,False,6.0
8.0,5.0,1,120.54,53.0,False,False,True,True,False,False,0,0,0,1,4.800243426707209,False,True,False,5.0
7.0,3.0,0,0.0,40.0,False,True,False,False,False,False,0,0,0,1,0.0,True,False,False,0.0
6.0,5.0,1,98.42,23.0,False,False,False,True,False,False,0,0,0,1,4.599353300666527,False,False,False,5.0
9.0,9.0,0,61.99,49.0,False,False,True,False,False,True,1,0,0,1,4.142975983633837,False,True,False,0.0
12.0,3.0,0,103.79,15.0,False,False,False,True,False,False,0,0,0,1,4.65195834748685,False,False,False,0.0
7.0,5.0,0,150.22,22.0,False,True,False,True,False,False,0,0,0,1,5.018735730130124,False,False,False,0.0
6.0,3.0,1,111.07,54.0,True,False,False,True,False,False,0,0,0,1,4.719123676063937,False,True,False,3.0
7.0,4.0,0,120.61,40.0,False,False,True,False,False,False,0,0,0,1,4.800819202992908,True,False,False,0.0
10.0,8.0,1,111.47,44.0,True,False,False,False,False,False,1,0,0,1,4.72268651941593,False,True,False,8.0
7.0,8.0,1,150.23,46.0,False,False,False,True,False,False,1,0,0,1,5.018801856762649,False,True,False,8.0
3.0,4.0,1,55.33,32.0,False,False,False,True,False,False,0,0,0,1,4.031227252906622,True,False,False,4.0
6.0,4.0,1,104.56,53.0,False,False,False,False,False,False,0,0,0,1,4.659279511635123,False,True,False,4.0
4.0,5.0,1,176.69,18.0,False,False,True,False,False,False,0,0,0,1,5.1800404589569835,False,False,False,5.0
5.0,4.0,1,95.92,56.0,False,False,False,False,False,True,0,0,0,1,4.573885895948325,False,True,False,4.0
8.0,6.0,1,142.63,59.0,False,False,False,True,False,False,1,0,0,1,4.967240548443732,False,True,False,6.0
7.0,7.0,0,51.87,20.0,True,False,False,False,False,True,1,0,0,1,3.9678360702473587,False,False,False,0.0
9.0,5.0,1,197.56,34.0,False,False,True,False,False,False,0,0,0,1,5.291091321456297,True,False,False,5.0
5.0,2.0,0,71.91,47.0,False,True,False,False,False,True,0,1,0,1,4.289225803818339,False,True,False,0.0
10.0,8.0,1,111.47,44.0,True,False,False,False,False,False,1,0,0,1,4.72268651941593,False,True,False,8.0
6.0,7.0,1,97.24,26.0,False,False,True,True,False,False,1,0,0,1,4.587413464398832,True,False,False,7.0
5.0,9.0,0,110.49,43.0,True,False,False,True,False,False,1,0,0,1,4.71393490077948,False,True,False,0.0
9.0,3.0,0,70.37,36.0,False,False,False,True,False,False,0,0,0,1,4.267877612982976,True,False,False,0.0
7.0,7.0,1,64.27,50.0,False,False,True,False,False,True,1,0,0,1,4.178532512647126,False,True,False,7.0
7.0,4.0,1,142.28,25.0,False,True,False,False,True,False,0,0,0,1,4.964800757752457,False,False,False,4.0
8.0,1.0,1,30.55,39.0,False,True,False,False,False,False,0,1,0,1,3.4515735889872223,True,False,False,1.0
6.0,7.0,1,227.73,29.0,False,False,False,True,False,False,1,0,0,1,5.432542268639268,True,False,False,7.0
9.0,3.0,0,74.39,31.0,False,True,False,True,False,False,0,0,0,1,4.32267464022361,True,False,False,0.0
8.0,7.0,0,136.61,34.0,False,True,False,True,False,False,1,0,0,1,4.92442359727719,True,False,False,0.0
9.0,4.0,1,53.61,36.0,False,False,False,True,False,False,0,0,0,1,4.000217016164062,True,False,False,4.0
2.0,4.0,0,96.59,34.0,False,True,False,True,False,False,0,0,0,1,4.5807750291533695,True,False,False,0.0
7.0,8.0,1,44.11,8.0,True,False,False,False,True,False,1,0,0,1,3.8091039514203047,False,False,False,8.0
8.0,5.0,0,49.57,54.0,True,False,False,True,False,False,0,0,0,1,3.9233585150918917,False,True,False,0.0
9.0,7.0,0,98.85,26.0,True,False,False,False,False,False,1,0,0,1,4.603669059861824,True,False,False,0.0
8.0,6.0,1,120.17,30.0,False,True,False,False,False,True,1,0,0,1,4.7971945182434315,True,False,False,6.0
4.0,7.0,1,68.09,41.0,False,False,False,True,False,False,1,0,0,1,4.2354100025007035,False,True,False,7.0
6.0,8.0,0,59.89,32.0,False,True,False,True,False,False,1,0,0,1,4.109068957620483,True,False,False,0.0
7.0,3.0,1,114.42,34.0,False,False,True,True,False,False,0,0,0,1,4.7485776492828204,True,False,False,3.0
8.0,8.0,0,98.66,34.0,False,False,True,False,False,False,1,0,0,1,4.601764392853259,True,False,False,0.0
7.0,4.0,0,145.99,40.0,False,False,False,False,False,True,0,0,0,1,4.990364557253896,True,False,False,0.0
9.0,6.0,1,99.675,58.0,False,False,False,True,False,False,1,0,0,1,4.611897506737518,False,True,False,6.0
11.0,5.0,1,45.58,46.0,False,True,False,True,False,False,0,0,0,1,3.841171264456195,False,True,False,5.0
3.0,6.0,0,107.59,33.0,True,False,False,True,False,False,1,0,0,1,4.687579322228809,True,False,False,0.0
8.0,5.0,1,99.45,34.0,True,False,False,False,True,False,0,0,0,1,4.609660091260944,True,False,False,5.0
7.0,8.0,0,166.01,37.0,True,False,False,False,True,False,1,0,0,1,5.118053690863526,True,False,False,0.0
9.0,6.0,1,99.675,21.0,False,False,False,True,False,False,1,0,0,1,4.611897506737518,False,False,False,6.0
4.0,7.0,0,187.34,53.0,True,False,False,False,False,False,1,0,0,1,5.238248840081917,False,True,False,0.0
8.0,4.0,0,70.03,46.0,False,False,False,True,False,False,0,0,0,1,4.2631023230097185,False,True,False,0.0
3.0,3.0,0,102.49,22.0,True,False,False,True,False,False,0,0,0,1,4.639474989680082,False,False,False,0.0
3.0,4.0,0,196.77,34.0,False,True,False,False,True,False,0,0,0,1,5.287104739333934,True,False,False,0.0
5.0,4.0,0,51.08,25.0,False,True,False,False,False,False,0,0,0,1,3.9527809979003137,False,False,False,0.0
9.0,5.0,1,95.27,52.0,False,True,False,True,False,False,0,0,0,1,4.567156743789875,False,True,False,5.0
7.0,4.0,0,8.2,45.0,False,False,True,True,False,False,0,0,0,1,2.2192034840549946,False,True,False,0.0
6.0,8.0,0,49.02,37.0,False,True,False,False,False,False,1,0,0,1,3.912422925449473,True,False,False,0.0
7.0,4.0,1,168.4,51.0,False,True,False,True,False,False,0,0,0,1,5.132262782217954,False,True,False,4.0
11.0,6.0,0,109.34,34.0,False,False,False,True,False,False,1,0,0,1,4.703566507844284,True,False,False,0.0
9.0,4.0,1,86.91,37.0,False,False,True,False,False,False,0,0,0,1,4.476313563863087,True,False,False,4.0
5.0,7.0,0,80.76,30.0,False,False,True,False,False,True,1,0,0,1,4.403788126455394,True,False,False,0.0
3.0,8.0,0,99.675,41.0,False,False,False,True,False,False,1,0,0,1,4.611897506737518,False,True,False,0.0
9.0,7.0,0,133.17,25.0,False,False,False,False,True,False,1,0,0,1,4.89910765260238,False,False,False,0.0
5.0,2.0,1,47.68,34.0,False,True,False,True,False,False,0,1,0,1,3.8852682681193262,True,False,False,2.0
6.0,7.0,1,97.24,26.0,False,False,True,True,False,False,1,0,0,1,4.587413464398832,True,False,False,7.0
10.0,3.0,1,117.55,23.0,False,True,False,False,False,False,0,0,0,1,4.775334812511415,False,False,False,3.0
10.0,5.0,1,80.09,22.0,False,True,False,True,False,False,0,0,0,1,4.395559648956466,False,False,False,5.0
7.0,5.0,0,182.56,35.0,False,True,False,False,False,False,0,0,0,1,5.212541589526633,True,False,False,0.0
6.0,4.0,1,141.4,23.0,False,False,False,True,False,False,0,0,0,1,4.958639998977875,False,False,False,4.0
8.0,8.0,0,126.67,34.0,False,False,False,True,False,False,1,0,0,1,4.84944880983226,True,False,False,0.0
7.0,5.0,1,85.86,37.0,False,True,False,False,False,True,0,0,0,1,4.464297627106676,True,False,False,5.0
10.0,3.0,0,151.79,26.0,True,False,False,False,True,False,0,0,0,1,5.029064429564623,True,False,False,0.0
4.0,2.0,1,100.03,27.0,False,True,False,False,True,False,0,1,0,1,4.615417502439641,True,False,False,2.0
10.0,5.0,1,100.49,27.0,False,True,False,False,False,False,0,0,0,1,4.619960271460727,True,False,False,5.0
6.0,6.0,0,75.28,42.0,False,True,False,True,False,False,1,0,0,1,4.3344107807322185,False,True,False,0.0
7.0,6.0,0,157.87,38.0,False,True,False,False,False,False,1,0,0,1,5.068086257731932,True,False,False,0.0
7.0,5.0,1,10.16,20.0,False,False,False,True,False,False,0,0,0,1,2.412335956953165,False,False,False,5.0
7.0,5.0,1,126.59,36.0,False,False,False,True,False,False,0,0,0,1,4.848821997933652,True,False,False,5.0
6.0,5.0,1,99.675,22.0,False,False,False,True,False,False,0,0,0,1,4.611897506737518,False,False,False,5.0
8.0,4.0,0,135.72,55.0,True,False,False,True,False,False,0,0,0,1,4.917935038807335,False,True,False,0.0
9.0,2.0,1,50.23,38.0,False,False,True,True,False,False,0,1,0,1,3.936325297951111,True,False,False,2.0
5.0,2.0,1,104.56,16.0,False,False,False,True,False,False,0,1,0,1,4.659279511635123,False,False,False,2.0
4.0,7.0,1,48.14,35.0,True,False,False,True,False,False,1,0,0,1,3.894673367093033,True,False,False,7.0
10.0,9.0,0,81.73,10.0,False,False,False,False,False,False,1,0,0,1,4.415582293202092,False,False,False,0.0
9.0,5.0,0,18.12,38.0,False,False,False,True,False,False,0,0,0,1,2.9507349076232554,True,False,False,0.0
5.0,4.0,0,94.0,38.0,False,True,False,False,False,False,0,0,0,1,4.553876891600541,True,False,False,0.0
12.0,5.0,0,132.73,17.0,False,True,False,False,False,True,0,0,0,1,4.895822841884705,False,False,False,0.0
4.0,7.0,1,130.99,21.0,False,True,False,False,False,False,1,0,0,1,4.882726162140863,False,False,False,7.0
3.0,5.0,1,125.83,15.0,False,False,False,True,False,False,0,0,0,1,4.842847607079338,False,False,False,5.0
8.0,4.0,1,42.53,55.0,True,False,False,False,False,False,0,0,0,1,3.773450355564206,False,True,False,4.0
11.0,4.0,1,88.08,24.0,False,False,False,False,False,False,0,0,0,1,4.489534842389167,False,False,False,4.0
9.0,5.0,1,42.92,18.0,False,False,False,False,False,True,0,0,0,1,3.7823697972012753,False,False,False,5.0
6.0,4.0,1,121.67,32.0,False,False,True,True,False,False,0,0,0,1,4.80949782304466,True,False,False,4.0
9.0,8.0,1,144.74,17.0,False,False,False,True,False,False,1,0,0,1,4.981824212242136,False,False,False,8.0
7.0,1.0,1,149.79,52.0,False,False,False,True,False,False,0,1,0,1,5.0158881403777045,False,True,False,1.0
5.0,3.0,1,133.66,0.0,False,True,False,False,True,False,0,0,0,1,4.902753083117135,False,False,False,3.0
6.0,5.0,1,116.57,36.0,False,False,False,False,False,True,0,0,0,1,4.76703390087965,True,False,False,5.0
2.0,4.0,0,74.82,25.0,False,True,False,True,False,False,0,0,0,1,4.328362110088189,False,False,False,0.0
7.0,5.0,1,99.675,22.0,True,False,False,True,False,False,0,0,0,1,4.611897506737518,False,False,False,5.0
8.0,6.0,1,99.675,27.0,False,False,True,False,False,False,1,0,0,1,4.611897506737518,True,False,False,6.0
8.0,3.0,0,88.61,48.0,False,False,True,True,False,False,0,0,0,1,4.495466920896128,False,True,False,0.0
4.0,1.0,0,80.98,45.0,False,True,False,False,False,True,0,1,0,1,4.406475315076191,False,True,False,0.0
5.0,3.0,1,178.49,22.0,False,False,False,False,False,False,0,0,0,1,5.19011949607005,False,False,False,3.0
8.0,4.0,0,78.69,31.0,False,True,False,True,False,False,0,0,0,1,4.378144107409657,True,False,False,0.0
7.0,2.0,0,37.53,50.0,False,False,False,True,False,False,0,1,0,1,3.6514371586380663,False,True,False,0.0
8.0,3.0,1,7.7,26.0,False,True,False,True,False,False,0,0,0,1,2.1633230256605382,True,False,False,3.0
10.0,4.0,0,83.14,13.0,True,False,False,True,False,False,0,0,0,1,4.432482078162375,False,False,False,0.0
7.0,2.0,1,68.49,67.0,False,False,True,True,False,False,0,1,0,1,4.241182857326236,False,False,True,2.0
4.0,6.0,1,75.38,34.0,False,True,False,False,False,True,1,0,0,1,4.3357208817973705,True,False,False,6.0
5.0,9.0,0,74.07,61.0,True,False,False,False,False,False,1,0,0,1,4.318421011584911,False,False,True,0.0
6.0,4.0,1,135.76,40.0,False,True,False,False,False,False,0,0,0,1,4.918227564771101,True,False,False,4.0
6.0,4.0,1,149.83,28.0,False,True,False,True,False,False,0,0,0,1,5.016153374780161,True,False,False,4.0
10.0,3.0,1,203.78,10.0,False,False,False,True,False,False,0,0,0,1,5.321936232146671,False,False,False,3.0
9.0,6.0,0,93.21,56.0,False,False,False,True,False,False,1,0,0,1,4.545526333060576,False,True,False,0.0
8.0,4.0,0,99.675,55.0,True,False,False,False,True,False,0,0,0,1,4.611897506737518,False,True,False,0.0
4.0,6.0,0,86.89,37.0,True,False,False,True,False,False,1,0,0,1,4.4760860325765535,True,False,False,0.0
2.0,4.0,1,124.24,38.0,False,False,True,False,False,False,0,0,0,1,4.830231896458205,True,False,False,4.0
10.0,2.0,0,44.78,17.0,True,False,False,False,False,False,0,1,0,1,3.8238473145244205,False,False,False,0.0
5.0,6.0,1,69.24,33.0,False,True,False,False,False,True,1,0,0,1,4.251917949326861,True,False,False,6.0
7.0,2.0,1,171.29,19.0,False,True,False,True,False,False,0,1,0,1,5.149179103544315,False,False,False,2.0
8.0,4.0,1,39.3,33.0,False,False,False,False,True,False,0,0,0,1,3.696351468952637,True,False,False,4.0
7.0,3.0,0,40.01,39.0,False,False,False,True,False,False,0,0,0,1,3.713815939403968,True,False,False,0.0
9.0,5.0,1,101.7,47.0,False,False,False,False,False,False,0,0,0,1,4.631812116934513,False,True,False,5.0
9.0,4.0,1,167.7,42.0,False,False,True,False,False,False,0,0,0,1,5.128121989551922,False,True,False,4.0
10.0,4.0,1,0.0,63.0,False,False,False,True,False,False,0,0,0,1,0.0,False,False,True,4.0
6.0,5.0,1,57.98,33.0,False,False,True,False,False,True,0,0,0,1,4.07719840338713,True,False,False,5.0
6.0,5.0,1,40.7,34.0,False,True,False,False,False,True,0,0,0,1,3.7305011288047556,True,False,False,5.0
7.0,5.0,1,114.1,41.0,False,False,True,True,False,False,0,0,0,1,4.745801315727837,False,True,False,5.0
10.0,5.0,1,220.5,33.0,False,True,False,False,True,False,0,0,0,1,5.40042258948519,True,False,False,5.0
9.0,6.0,1,28.94,39.0,False,False,True,False,False,True,1,0,0,1,3.3991953789914824,True,False,False,6.0
7.0,5.0,0,109.36,39.0,False,False,False,False,False,False,0,0,0,1,4.703747749349085,True,False,False,0.0
7.0,4.0,1,123.34,52.0,True,False,False,False,True,False,0,0,0,1,4.823019748841191,False,True,False,4.0
4.0,5.0,1,46.5,31.0,False,False,True,False,False,False,0,0,0,1,3.8607297110405954,True,False,False,5.0
8.0,5.0,1,195.08,51.0,False,False,False,False,True,False,0,0,0,1,5.2785227392198575,False,True,False,5.0
5.0,6.0,0,57.43,11.0,False,False,False,True,False,False,1,0,0,1,4.067829456566345,False,False,False,0.0
3.0,5.0,1,58.44,28.0,False,False,False,False,False,False,0,0,0,1,4.084967400409504,True,False,False,5.0
4.0,6.0,1,158.58,31.0,True,False,False,False,False,False,1,0,0,1,5.072545363880135,True,False,False,6.0
8.0,5.0,0,26.2,15.0,False,False,False,True,False,False,0,0,0,1,3.3032169733019514,False,False,False,0.0
6.0,5.0,1,181.16,26.0,True,False,False,True,False,False,0,0,0,1,5.204885421755484,True,False,False,5.0
5.0,6.0,0,63.62,41.0,False,False,False,True,False,False,1,0,0,1,4.168523960396352,False,True,False,0.0
7.0,6.0,0,29.18,53.0,False,False,True,False,False,True,1,0,0,1,3.407179453339703,False,True,False,0.0
1.0,5.0,0,13.37,39.0,False,True,False,True,False,False,0,0,0,1,2.6651427000909336,True,False,False,0.0
5.0,9.0,1,123.65,48.0,False,False,True,False,False,False,1,0,0,1,4.825509809969567,False,True,False,9.0
6.0,3.0,1,132.75,36.0,False,True,False,False,False,False,0,0,0,1,4.8959723857761155,True,False,False,3.0
7.0,5.0,1,99.675,45.0,True,False,False,False,True,False,0,0,0,1,4.611897506737518,False,True,False,5.0
9.0,1.0,0,179.96,24.0,False,True,False,False,True,False,0,1,0,1,5.198276012367811,False,False,False,0.0
7.0,6.0,1,63.36,29.0,False,False,False,False,True,False,1,0,0,1,4.1644923221241825,True,False,False,6.0
4.0,5.0,1,60.94,39.0,False,False,False,True,False,False,0,0,0,1,4.126166174545057,True,False,False,5.0
6.0,6.0,0,83.29,49.0,False,False,False,False,True,False,1,0,0,1,4.434263234009391,False,True,False,0.0
8.0,4.0,0,106.89,42.0,False,True,False,True,False,False,0,0,0,1,4.681112189563248,False,True,False,0.0
8.0,5.0,0,88.02,35.0,False,False,False,True,False,False,0,0,0,1,4.488861063587708,True,False,False,0.0
12.0,6.0,0,38.33,0.0,False,False,True,False,False,False,1,0,0,1,3.671987586443718,False,False,False,0.0
7.0,4.0,0,169.54,49.0,False,True,False,False,True,False,0,0,0,1,5.138969873313903,False,True,False,0.0
6.0,4.0,0,74.31,27.0,False,False,False,True,False,False,0,0,0,1,4.32161292811326,True,False,False,0.0
5.0,3.0,1,101.19,54.0,False,False,True,True,False,False,0,0,0,1,4.626833825624118,False,True,False,3.0
5.0,8.0,1,137.96,38.0,False,False,False,False,True,False,1,0,0,1,4.93418612193285,True,False,False,8.0
8.0,3.0,1,63.27,42.0,True,False,False,False,False,False,0,0,0,1,4.163092959383195,False,True,False,3.0
10.0,6.0,0,37.34,44.0,False,False,True,True,False,False,1,0,0,1,3.6464937376174986,False,True,False,0.0
6.0,5.0,0,109.24,21.0,False,True,False,True,False,False,0,0,0,1,4.7026598072653485,False,False,False,0.0
7.0,8.0,1,64.97,52.0,False,False,True,False,False,True,1,0,0,1,4.1892000932347795,False,True,False,8.0
10.0,7.0,1,62.18,40.0,False,False,True,False,False,True,1,0,0,1,4.145987795373939,True,False,False,7.0
9.0,6.0,1,106.61,26.0,False,False,False,True,False,False,1,0,0,1,4.678513580212301,True,False,False,6.0
5.0,6.0,0,79.57,33.0,True,False,False,True,False,False,1,0,0,1,4.3891263717891045,True,False,False,0.0
10.0,6.0,1,72.89,51.0,True,False,False,True,False,False,1,0,0,1,4.302577500800556,False,True,False,6.0
7.0,5.0,0,141.82,51.0,False,False,True,True,False,False,0,0,0,1,4.961585096120964,False,True,False,0.0
5.0,4.0,1,66.03,36.0,False,False,False,False,False,True,0,0,0,1,4.205140280369866,True,False,False,4.0
10.0,5.0,0,15.37,62.0,True,False,False,True,False,False,0,0,0,1,2.7954503913830435,False,False,True,0.0
10.0,5.0,0,195.16,23.0,False,True,False,True,False,False,0,0,0,1,5.278930652747847,False,False,False,0.0
7.0,5.0,1,152.26,37.0,False,False,True,True,False,False,0,0,0,1,5.032135825542258,True,False,False,5.0
7.0,8.0,1,81.99,30.0,False,False,False,False,True,False,1,0,0,1,4.418720118610357,True,False,False,8.0
6.0,4.0,0,124.95,23.0,False,False,True,False,False,False,0,0,0,1,4.835885002798619,False,False,False,0.0
11.0,8.0,1,150.52,15.0,False,True,False,False,False,False,1,0,0,1,5.020717629437768,False,False,False,8.0
8.0,1.0,1,88.28,50.0,True,False,False,True,False,False,0,1,0,1,4.491777498633001,False,True,False,1.0
6.0,7.0,1,107.86,18.0,False,True,False,True,False,False,1,0,0,1,4.690062653006054,False,False,False,7.0
7.0,3.0,0,110.74,28.0,False,False,False,False,False,False,0,0,0,1,4.716174744031003,True,False,False,0.0
8.0,2.0,1,50.12,36.0,False,False,False,True,False,False,0,1,0,1,3.9341758100692794,True,False,False,2.0
6.0,7.0,1,125.14,34.0,False,False,False,False,False,False,1,0,0,1,4.837392401235505,True,False,False,7.0
8.0,5.0,1,63.57,64.0,False,True,False,False,False,False,0,0,0,1,4.167749906638376,False,False,True,5.0
4.0,5.0,1,188.93,6.0,False,True,False,False,False,True,0,0,0,1,5.246655583224145,False,False,False,5.0
7.0,6.0,0,128.3,36.0,True,False,False,False,True,False,1,0,0,1,4.8621352857778115,True,False,False,0.0
7.0,5.0,1,135.44,34.0,False,True,False,True,False,False,0,0,0,1,4.915884957550445,True,False,False,5.0
6.0,6.0,1,84.37,33.0,False,False,True,False,False,False,1,0,0,1,4.446994751022215,True,False,False,6.0
5.0,5.0,0,80.05,25.0,False,False,True,True,False,False,0,0,0,1,4.395066248181685,False,False,False,0.0
8.0,4.0,1,88.39,43.0,True,False,False,False,False,False,0,0,0,1,4.493008819099761,False,True,False,4.0
6.0,5.0,0,140.2,34.0,False,False,True,False,False,False,0,0,0,1,4.950177325059141,True,False,False,0.0
7.0,6.0,1,88.58,41.0,False,True,False,False,False,False,1,0,0,1,4.495132080779154,False,True,False,6.0
8.0,2.0,1,111.75,26.0,False,False,False,True,False,False,0,1,0,1,4.725172978382788,True,False,False,2.0
8.0,3.0,1,161.69,24.0,False,False,True,True,False,False,0,0,0,1,5.091846549521079,False,False,False,3.0
11.0,6.0,1,62.54,52.0,False,True,False,False,True,False,1,0,0,1,4.15166962884137,False,True,False,6.0
7.0,6.0,1,172.78,27.0,False,True,False,False,False,True,1,0,0,1,5.15779013141106,True,False,False,6.0
6.0,9.0,1,56.75,37.0,True,False,False,False,False,True,1,0,0,1,4.056123349401903,True,False,False,9.0
7.0,6.0,1,37.43,24.0,False,False,False,True,False,False,1,0,0,1,3.6488384045767526,False,False,False,6.0
7.0,5.0,1,116.57,61.0,False,False,False,False,False,False,0,0,0,1,4.76703390087965,False,False,True,5.0
6.0,7.0,1,56.99,49.0,False,False,True,False,True,False,1,0,0,1,4.060270581888349,False,True,False,7.0
7.0,3.0,0,47.91,26.0,False,True,False,True,False,False,0,0,0,1,3.8899818745512658,True,False,False,0.0
6.0,7.0,0,116.8,27.0,False,False,False,True,False,False,1,0,0,1,4.768988271217486,True,False,False,0.0
3.0,7.0,1,72.69,27.0,False,False,False,True,False,False,1,0,0,1,4.299867104778908,True,False,False,7.0
12.0,5.0,0,25.54,30.0,False,False,True,False,False,False,0,0,0,1,3.2786530289040616,True,False,False,0.0
7.0,3.0,0,107.99,21.0,False,False,False,False,False,True,0,0,0,1,4.69125613490122,False,False,False,0.0
5.0,7.0,0,139.02,10.0,False,False,False,False,True,False,1,0,0,1,4.941785269549052,False,False,False,0.0
6.0,5.0,1,157.09,68.0,False,False,False,False,False,False,0,0,0,1,5.063164491108096,False,False,True,5.0
8.0,7.0,1,71.3,33.0,True,False,False,True,False,False,1,0,0,1,4.280824129164719,True,False,False,7.0
6.0,5.0,1,174.81,45.0,False,False,False,True,False,False,0,0,0,1,5.169403866454698,False,True,False,5.0
6.0,1.0,0,124.09,20.0,False,False,True,True,False,False,0,1,0,1,4.82903347822665,False,False,False,0.0
7.0,4.0,0,114.88,36.0,False,False,False,True,False,False,0,0,0,1,4.7525551729011495,True,False,False,0.0
6.0,3.0,0,85.82,41.0,False,False,True,True,False,False,0,0,0,1,4.4638370098714475,False,True,False,0.0
10.0,5.0,1,155.2,30.0,True,False,False,False,False,True,0,0,0,1,5.051137237405586,True,False,False,5.0
7.0,5.0,1,89.68,64.0,False,True,False,True,False,False,0,0,0,1,4.507336825639328,False,False,True,5.0
8.0,7.0,0,99.675,24.0,False,False,False,True,False,False,1,0,0,1,4.611897506737518,False,False,False,0.0
9.0,5.0,1,132.85,51.0,False,False,True,True,False,False,0,0,0,1,4.896719769966362,False,True,False,5.0
7.0,7.0,1,232.25,7.0,True,False,False,True,False,False,1,0,0,1,5.452110839727453,False,False,False,7.0
8.0,5.0,1,13.09,35.0,False,False,False,False,False,False,0,0,0,1,2.645465325910589,True,False,False,5.0
4.0,7.0,0,62.89,30.0,False,False,True,True,False,False,1,0,0,1,4.157162854614252,True,False,False,0.0
7.0,5.0,0,142.21,54.0,False,False,True,True,False,False,0,0,0,1,4.9643120844906115,False,True,False,0.0
4.0,2.0,0,81.13,35.0,True,False,False,True,False,False,0,1,0,1,4.408303357752101,True,False,False,0.0
6.0,3.0,1,21.18,20.0,False,True,False,False,False,True,0,0,0,1,3.099190981922221,False,False,False,3.0
10.0,2.0,0,101.11,31.0,False,False,False,True,False,False,0,1,0,1,4.6260506635674465,True,False,False,0.0
5.0,6.0,0,137.7,43.0,False,False,False,True,False,False,1,0,0,1,4.932313327320786,False,True,False,0.0
10.0,5.0,1,110.65,12.0,True,False,False,True,False,False,0,0,0,1,4.7153689782861665,False,False,False,5.0
8.0,3.0,1,193.14,37.0,False,False,True,False,False,True,0,0,0,1,5.26857954828408,True,False,False,3.0
9.0,3.0,0,107.22,27.0,False,False,False,False,True,False,0,0,0,1,4.684166192214589,True,False,False,0.0
4.0,6.0,1,138.07,42.0,False,False,False,True,False,False,1,0,0,1,4.934977403490519,False,True,False,6.0
4.0,4.0,0,32.77,21.0,True,False,False,True,False,False,0,0,0,1,3.5195728343974766,False,False,False,0.0
6.0,9.0,1,160.15,19.0,False,False,False,True,False,False,1,0,0,1,5.082335608261447,False,False,False,9.0
8.0,5.0,1,152.01,43.0,False,False,False,True,False,False,0,0,0,1,5.030503278733722,False,True,False,5.0
7.0,1.0,1,91.25,20.0,False,False,False,True,False,False,0,1,0,1,4.524502282920636,False,False,False,1.0
6.0,4.0,1,114.15,42.0,False,True,False,False,False,False,0,0,0,1,4.746235626266694,False,True,False,4.0
9.0,8.0,0,26.89,60.0,True,False,False,False,False,False,1,0,0,1,3.3282682016393976,False,True,False,0.0
5.0,7.0,1,54.15,24.0,False,False,False,True,False,False,1,0,0,1,4.0100567456995115,False,False,False,7.0
7.0,4.0,1,130.42,39.0,False,False,False,True,False,False,0,0,0,1,4.878398301469722,True,False,False,4.0
8.0,4.0,1,61.35,51.0,False,True,False,False,False,False,0,0,0,1,4.132763672126045,False,True,False,4.0
6.0,3.0,1,92.75,31.0,False,True,False,True,False,False,0,0,0,1,4.54063166485052,True,False,False,3.0
11.0,4.0,1,53.99,49.0,True,False,False,False,False,True,0,0,0,1,4.007151350519724,False,True,False,4.0
4.0,7.0,1,130.5,58.0,False,True,False,False,False,False,1,0,0,1,4.879006851617819,False,True,False,7.0
5.0,2.0,1,138.01,16.0,False,False,False,False,False,False,0,1,0,1,4.934545872989001,False,False,False,2.0
8.0,4.0,1,99.91,21.0,True,False,False,False,False,False,0,0,0,1,4.614229030476437,False,False,False,4.0
6.0,5.0,1,73.93,33.0,True,False,False,True,False,False,0,0,0,1,4.316554344376219,True,False,False,5.0
9.0,5.0,1,133.98,40.0,False,False,False,True,False,False,0,0,0,1,4.9051266193152605,True,False,False,5.0
8.0,9.0,0,185.63,34.0,False,False,True,False,False,False,1,0,0,1,5.229128047195038,True,False,False,0.0
4.0,3.0,0,36.77,24.0,True,False,False,True,False,False,0,0,0,1,3.6315151367243654,False,False,False,0.0
5.0,5.0,1,85.07,21.0,False,False,False,False,False,False,0,0,0,1,4.455160918661383,False,False,False,5.0
8.0,6.0,1,129.78,6.0,False,True,False,False,False,False,1,0,0,1,4.87351652213313,False,False,False,6.0
7.0,5.0,0,170.07,34.0,False,False,False,False,False,False,0,0,0,1,5.1420728294642,True,False,False,0.0
10.0,3.0,0,148.65,34.0,True,False,False,False,False,True,0,0,0,1,5.008299234298708,True,False,False,0.0
4.0,7.0,1,22.32,31.0,False,True,False,True,False,False,1,0,0,1,3.1493113614822916,True,False,False,7.0
4.0,8.0,0,131.78,37.0,False,True,False,False,False,True,1,0,0,1,4.888693623291013,True,False,False,0.0
9.0,3.0,1,186.74,16.0,False,False,False,True,False,False,0,0,0,1,5.235058026908845,False,False,False,3.0
11.0,7.0,1,100.09,0.0,False,True,False,True,False,False,1,0,0,1,4.616011209165967,False,False,False,7.0
7.0,6.0,1,69.25,44.0,True,False,False,False,False,True,1,0,0,1,4.2520603082138555,False,True,False,6.0
6.0,6.0,1,142.61,57.0,False,False,False,True,False,False,1,0,0,1,4.9671012920725275,False,True,False,6.0
6.0,5.0,1,98.42,23.0,False,False,False,True,False,False,0,0,0,1,4.599353300666527,False,False,False,5.0
7.0,4.0,1,111.77,29.0,True,False,False,True,False,False,0,0,0,1,4.725350346244197,True,False,False,4.0
7.0,3.0,1,82.46,43.0,False,False,False,False,False,True,0,0,0,1,4.424367475163407,False,True,False,3.0
8.0,5.0,0,27.53,50.0,True,False,False,False,True,False,0,0,0,1,3.3509561652254085,False,True,False,0.0
9.0,1.0,1,135.5,49.0,True,False,False,False,True,False,0,1,0,1,4.916324614625014,False,True,False,1.0
5.0,6.0,0,153.64,65.0,False,False,True,True,False,False,1,0,0,1,5.041099834900075,False,False,True,0.0
5.0,6.0,1,39.77,59.0,False,False,True,False,True,False,1,0,0,1,3.707946516831162,False,True,False,6.0
7.0,5.0,1,86.09,22.0,False,False,False,False,False,False,0,0,0,1,4.466942066704648,False,False,False,5.0
8.0,4.0,1,58.58,16.0,False,False,False,False,False,False,0,0,0,1,4.0873199472851365,False,False,False,4.0
9.0,5.0,0,173.22,39.0,False,False,False,False,True,False,0,0,0,1,5.160318868390746,True,False,False,0.0
7.0,4.0,1,106.58,30.0,False,False,True,False,False,False,0,0,0,1,4.678234756845097,True,False,False,4.0
6.0,2.0,1,86.49,40.0,False,False,True,False,False,False,0,1,0,1,4.471524501118173,True,False,False,2.0
9.0,5.0,0,22.2,35.0,False,False,True,True,False,False,0,0,0,1,3.144152278672264,True,False,False,0.0
7.0,5.0,1,132.47,32.0,True,False,False,False,False,False,0,0,0,1,4.89387673348606,True,False,False,5.0
6.0,5.0,1,140.05,41.0,False,False,False,True,False,False,0,0,0,1,4.949114437448006,False,True,False,5.0
8.0,5.0,1,132.63,29.0,True,False,False,False,False,False,0,0,0,1,4.89507478679297,True,False,False,5.0
6.0,5.0,1,172.29,22.0,False,True,False,False,False,True,0,0,0,1,5.154966491652154,False,False,False,5.0
7.0,9.0,1,172.16,29.0,False,False,False,False,False,False,1,0,0,1,5.15421602257378,True,False,False,9.0
8.0,7.0,1,0.0,27.0,False,False,False,False,True,False,1,0,0,1,0.0,True,False,False,7.0
6.0,6.0,1,74.38,34.0,False,False,True,True,False,False,1,0,0,1,4.3225419878389895,True,False,False,6.0
10.0,4.0,0,0.0,55.0,False,True,False,True,False,False,0,0,0,1,0.0,False,True,False,0.0
8.0,6.0,1,120.17,30.0,False,True,False,False,False,True,1,0,0,1,4.7971945182434315,True,False,False,6.0
5.0,8.0,0,113.7,26.0,False,False,True,False,True,False,1,0,0,1,4.742320024135325,True,False,False,0.0
11.0,7.0,0,139.66,27.0,False,False,True,True,False,False,1,0,0,1,4.946345630879872,True,False,False,0.0
4.0,4.0,1,81.29,6.0,False,False,True,False,False,True,0,0,0,1,4.410249593617622,False,False,False,4.0
7.0,2.0,1,158.23,15.0,True,False,False,False,False,False,0,1,0,1,5.070349697868335,False,False,False,2.0
11.0,6.0,1,104.17,25.0,False,False,True,False,False,True,1,0,0,1,4.655578088531937,False,False,False,6.0
7.0,4.0,0,58.19,41.0,True,False,False,False,False,True,0,0,0,1,4.080752608702634,False,True,False,0.0
9.0,8.0,1,101.06,39.0,False,False,False,False,False,False,1,0,0,1,4.625560875635825,True,False,False,8.0
6.0,4.0,0,129.82,42.0,False,False,False,False,False,False,0,0,0,1,4.8738223325330665,False,True,False,0.0
7.0,5.0,0,89.85,24.0,True,False,False,False,True,False,0,0,0,1,4.50920979484218,False,False,False,0.0
10.0,5.0,0,47.18,0.0,False,True,False,False,False,True,0,0,0,1,3.874943997186725,False,False,False,0.0
7.0,9.0,1,108.63,22.0,True,False,False,True,False,False,1,0,0,1,4.697111059686448,False,False,False,9.0
7.0,4.0,0,100.01,56.0,False,True,False,False,False,True,0,0,0,1,4.615219521841093,False,True,False,0.0
6.0,8.0,0,116.94,34.0,False,False,True,True,False,False,1,0,0,1,4.770176020572358,True,False,False,0.0
11.0,6.0,1,115.86,34.0,False,False,False,False,False,False,1,0,0,1,4.760976637126291,True,False,False,6.0
9.0,5.0,0,101.1,50.0,False,False,False,False,False,True,0,0,0,1,4.625952725170619,False,True,False,0.0
7.0,5.0,0,154.17,34.0,True,False,False,False,False,False,0,0,0,1,5.044521290095393,True,False,False,0.0
5.0,4.0,0,89.38,39.0,True,False,False,False,True,False,0,0,0,1,4.504023003983134,True,False,False,0.0
9.0,5.0,0,32.8,38.0,True,False,False,True,False,False,0,0,0,1,3.520460802488973,True,False,False,0.0
6.0,4.0,1,159.86,35.0,False,False,False,True,False,False,0,0,0,1,5.080534421475923,True,False,False,4.0
7.0,8.0,1,183.7,22.0,False,False,False,False,False,False,1,0,0,1,5.218732887205194,False,False,False,8.0
4.0,4.0,1,48.57,32.0,False,False,True,True,False,False,0,0,0,1,3.9033858120324827,True,False,False,4.0
4.0,6.0,0,168.96,2.0,False,False,False,True,False,False,1,0,0,1,5.135563115246611,False,False,False,0.0
7.0,2.0,1,93.56,68.0,True,False,False,False,False,False,0,1,0,1,4.549234553657788,False,False,True,2.0
7.0,5.0,1,22.33,37.0,True,False,False,True,False,False,0,0,0,1,3.1497400860333387,True,False,False,5.0
9.0,4.0,1,26.95,35.0,False,True,False,False,True,False,0,0,0,1,3.3304171996011083,True,False,False,4.0
10.0,5.0,1,132.87,49.0,False,True,False,True,False,False,0,0,0,1,4.896869179797807,False,True,False,5.0
7.0,7.0,1,57.91,18.0,False,False,False,True,False,False,1,0,0,1,4.076010855533596,False,False,False,7.0
5.0,5.0,0,96.87,40.0,False,False,False,True,False,False,0,0,0,1,4.583640067437728,True,False,False,0.0
9.0,8.0,0,146.2,43.0,False,False,False,False,False,False,1,0,0,1,4.991792206294776,False,True,False,0.0
9.0,5.0,1,21.85,37.0,False,False,False,False,True,False,0,0,0,1,3.128951117340214,True,False,False,5.0
7.0,6.0,1,146.0,35.0,False,True,False,True,False,False,1,0,0,1,4.990432586778736,True,False,False,6.0
6.0,5.0,1,82.06,26.0,False,False,False,False,False,True,0,0,0,1,4.419563238202607,True,False,False,5.0
9.0,5.0,1,81.15,56.0,False,False,True,True,False,False,0,0,0,1,4.408546844483277,False,True,False,5.0
7.0,2.0,0,83.91,64.0,False,True,False,False,True,False,0,1,0,1,4.441591872011272,False,False,True,0.0
7.0,6.0,0,135.14,24.0,True,False,False,False,True,False,1,0,0,1,4.913683768019805,False,False,False,0.0
5.0,1.0,0,129.7,63.0,True,False,False,False,True,False,0,1,0,1,4.872904620630176,False,False,True,0.0
4.0,6.0,1,76.54,26.0,False,False,True,True,False,False,1,0,0,1,4.350793932242783,True,False,False,6.0
6.0,8.0,1,103.86,58.0,False,False,False,True,False,False,1,0,0,1,4.652626127144387,False,True,False,8.0
8.0,5.0,0,85.69,17.0,False,False,False,True,False,False,0,0,0,1,4.462338536880549,False,False,False,0.0
8.0,8.0,0,196.96,44.0,False,False,False,False,False,False,1,0,0,1,5.288064990083686,False,True,False,0.0
9.0,7.0,1,159.13,35.0,False,False,True,False,False,True,1,0,0,1,5.075985985334385,True,False,False,7.0
4.0,4.0,1,57.02,34.0,False,False,True,True,False,False,0,0,0,1,4.060787778693258,True,False,False,4.0
7.0,4.0,1,101.46,32.0,True,False,False,True,False,False,0,0,0,1,4.629472478511056,True,False,False,4.0
9.0,9.0,0,66.03,36.0,False,True,False,True,False,False,1,0,0,1,4.205140280369866,True,False,False,0.0
7.0,5.0,0,16.39,65.0,False,False,False,False,False,True,0,0,0,1,2.855895328366192,False,False,True,0.0
8.0,6.0,1,46.03,51.0,False,False,False,False,False,False,1,0,0,1,3.8507856959569566,False,True,False,6.0
9.0,6.0,1,40.99,51.0,False,False,False,True,False,False,1,0,0,1,3.737431494696102,False,True,False,6.0
9.0,5.0,0,103.44,50.0,False,False,True,True,False,False,0,0,0,1,4.648612743830928,False,True,False,0.0
9.0,4.0,1,29.9,29.0,False,False,False,False,False,False,0,0,0,1,3.4307561839036995,True,False,False,4.0
12.0,5.0,1,153.45,33.0,False,False,False,False,False,False,0,0,0,1,5.039870419364591,True,False,False,5.0
9.0,5.0,1,121.38,18.0,False,False,True,True,False,False,0,0,0,1,4.807130958034395,False,False,False,5.0
6.0,7.0,0,44.5,34.0,False,False,False,False,True,False,1,0,0,1,3.817712325956905,True,False,False,0.0
4.0,4.0,1,97.71,51.0,False,True,False,True,False,False,0,0,0,1,4.5921862584297966,False,True,False,4.0
8.0,4.0,0,85.58,43.0,False,True,False,True,False,False,0,0,0,1,4.461068842013835,False,True,False,0.0
10.0,5.0,1,127.35,46.0,True,False,False,False,False,False,0,0,0,1,4.854760907317149,False,True,False,5.0
7.0,7.0,1,7.47,38.0,False,False,True,False,True,False,1,0,0,1,2.136530508663963,True,False,False,7.0
7.0,5.0,1,135.86,38.0,False,False,False,False,True,False,0,0,0,1,4.918958505524352,True,False,False,5.0
9.0,7.0,1,83.18,46.0,False,True,False,False,True,False,1,0,0,1,4.432957363342425,False,True,False,7.0
9.0,7.0,0,41.56,57.0,True,False,False,True,False,False,1,0,0,1,3.750914845033389,False,True,False,0.0
7.0,7.0,1,90.11,22.0,False,False,True,False,True,False,1,0,0,1,4.512067567725767,False,False,False,7.0
9.0,1.0,1,99.675,14.0,False,False,True,True,False,False,0,1,0,1,4.611897506737518,False,False,False,1.0
5.0,4.0,0,77.02,58.0,True,False,False,False,False,False,0,0,0,1,4.35696520407851,False,True,False,0.0
9.0,6.0,1,186.17,31.0,False,True,False,False,False,True,1,0,0,1,5.232017294790804,True,False,False,6.0
6.0,4.0,0,68.53,28.0,False,False,False,False,False,True,0,0,0,1,4.2417583141109265,True,False,False,0.0
5.0,4.0,1,32.09,47.0,True,False,False,False,False,False,0,0,0,1,3.499231121933521,False,True,False,4.0
8.0,6.0,0,144.93,25.0,False,False,False,True,False,False,1,0,0,1,4.983127054679654,False,False,False,0.0
6.0,9.0,1,100.76,42.0,False,False,True,False,True,False,1,0,0,1,4.622617099591812,False,True,False,9.0
10.0,3.0,0,154.39,37.0,True,False,False,False,False,True,0,0,0,1,5.0459380857986424,True,False,False,0.0
7.0,3.0,1,206.03,11.0,False,False,False,True,False,False,0,0,0,1,5.33286371030062,False,False,False,3.0
7.0,5.0,1,84.93,46.0,False,False,True,True,False,False,0,0,0,1,4.453533011325132,False,True,False,5.0
9.0,6.0,1,106.61,26.0,False,False,False,True,False,False,1,0,0,1,4.678513580212301,True,False,False,6.0
8.0,3.0,1,71.39,31.0,True,False,False,False,True,False,0,0,0,1,4.28206816830505,True,False,False,3.0
6.0,6.0,1,90.66,32.0,True,False,False,True,False,False,1,0,0,1,4.518086079080978,True,False,False,6.0
8.0,6.0,1,89.18,24.0,True,False,False,False,False,False,1,0,0,1,4.501807672992938,False,False,False,6.0
8.0,3.0,1,37.72,26.0,False,False,False,True,False,False,0,0,0,1,3.656356262408376,True,False,False,3.0
8.0,3.0,1,157.35,16.0,False,False,True,False,True,False,0,0,0,1,5.064807772984649,False,False,False,3.0
6.0,4.0,0,103.21,39.0,False,True,False,False,True,False,0,0,0,1,4.646408094004336,True,False,False,0.0
5.0,6.0,0,59.27,53.0,False,False,False,True,False,False,1,0,0,1,4.098834467494953,False,True,False,0.0
7.0,7.0,1,70.5,52.0,False,False,False,True,False,False,1,0,0,1,4.269697449699962,False,True,False,7.0
7.0,3.0,1,104.84,33.0,False,False,False,True,False,False,0,0,0,1,4.6619285198067,True,False,False,3.0
4.0,3.0,1,141.46,58.0,False,False,False,True,False,False,0,0,0,1,4.959061258550208,False,True,False,3.0
10.0,5.0,0,113.74,45.0,False,False,False,True,False,False,0,0,0,1,4.742668699173725,False,True,False,0.0
7.0,5.0,1,112.63,21.0,False,False,False,False,True,False,0,0,0,1,4.7329475559299174,False,False,False,5.0
8.0,4.0,0,171.47,48.0,False,False,True,False,False,False,0,0,0,1,5.1502233083033095,False,True,False,0.0
6.0,4.0,0,50.74,38.0,True,False,False,False,False,False,0,0,0,1,3.946231176757883,True,False,False,0.0
6.0,5.0,1,191.38,41.0,False,False,True,True,False,False,0,0,0,1,5.259472582724469,False,True,False,5.0
9.0,7.0,1,133.87,39.0,False,True,False,False,False,False,1,0,0,1,4.904311351528766,True,False,False,7.0
6.0,4.0,1,114.43,53.0,False,False,False,True,False,False,0,0,0,1,4.748664285626821,False,True,False,4.0
10.0,7.0,0,77.34,32.0,False,True,False,False,True,False,1,0,0,1,4.361058328237685,True,False,False,0.0
10.0,5.0,1,89.33,33.0,False,False,False,True,False,False,0,0,0,1,4.503469631161752,True,False,False,5.0
6.0,2.0,1,99.675,38.0,False,False,True,False,False,False,0,1,0,1,4.611897506737518,True,False,False,2.0
8.0,5.0,0,24.59,44.0,False,False,False,True,False,False,0,0,0,1,3.2422016501716975,False,True,False,0.0
7.0,7.0,0,74.81,30.0,False,False,False,False,False,True,1,0,0,1,4.328230210068212,True,False,False,0.0
6.0,4.0,1,123.94,19.0,False,False,True,False,False,False,0,0,0,1,4.827833622065424,False,False,False,4.0
7.0,3.0,0,107.45,14.0,False,True,False,False,False,True,0,0,0,1,4.6862892372728835,False,False,False,0.0
11.0,8.0,1,69.5,0.0,False,False,True,True,False,False,1,0,0,1,4.255612709818223,False,False,False,8.0
6.0,4.0,1,70.46,31.0,False,True,False,True,False,False,0,0,0,1,4.2691378525952635,True,False,False,4.0
9.0,3.0,1,60.51,22.0,True,False,False,False,False,True,0,0,0,1,4.119199763220277,False,False,False,3.0
8.0,2.0,1,99.675,54.0,False,False,False,True,False,False,0,1,0,1,4.611897506737518,False,True,False,2.0
8.0,3.0,1,170.51,23.0,False,False,False,False,False,True,0,0,0,1,5.144641573943989,False,False,False,3.0
9.0,7.0,1,213.92,46.0,False,True,False,False,False,False,1,0,0,1,5.37026586586062,False,True,False,7.0
10.0,7.0,1,17.23,5.0,False,True,False,True,False,False,1,0,0,1,2.9030685886905716,False,False,False,7.0
8.0,7.0,0,76.61,41.0,False,True,False,True,False,False,1,0,0,1,4.351696284866048,False,True,False,0.0
6.0,3.0,0,110.9,45.0,False,False,True,False,False,False,0,0,0,1,4.717605615317879,False,True,False,0.0
7.0,7.0,0,127.98,47.0,False,True,False,True,False,False,1,0,0,1,4.859657353582231,False,True,False,0.0
7.0,5.0,1,23.92,32.0,False,False,False,False,False,False,0,0,0,1,3.2156706939192525,True,False,False,5.0
7.0,2.0,0,151.43,27.0,False,False,False,True,False,False,0,1,0,1,5.026705474273751,True,False,False,0.0
8.0,2.0,1,151.49,20.0,True,False,False,True,False,False,0,1,0,1,5.027099020126921,False,False,False,2.0
7.0,6.0,1,99.675,43.0,True,False,False,True,False,False,1,0,0,1,4.611897506737518,False,True,False,6.0
7.0,9.0,1,29.8,27.0,True,False,False,True,False,False,1,0,0,1,3.427514689979529,True,False,False,9.0
9.0,5.0,0,65.88,26.0,False,True,False,True,False,False,0,0,0,1,4.202899968776446,True,False,False,0.0
7.0,6.0,1,163.07,17.0,False,True,False,True,False,False,1,0,0,1,5.100293166026791,False,False,False,6.0
6.0,6.0,1,117.68,27.0,False,False,True,True,False,False,1,0,0,1,4.7764307954226215,True,False,False,6.0
10.0,7.0,1,62.18,40.0,False,False,True,False,False,True,1,0,0,1,4.145987795373939,True,False,False,7.0
5.0,4.0,1,149.97,28.0,False,True,False,True,False,False,0,0,0,1,5.017081141579645,True,False,False,4.0
12.0,3.0,0,87.99,19.0,False,True,False,True,False,False,0,0,0,1,4.488524003868771,False,False,False,0.0
9.0,5.0,1,105.56,59.0,False,False,False,False,True,False,0,0,0,1,4.668708206792079,False,True,False,5.0
8.0,7.0,1,60.78,38.0,False,False,False,False,False,True,1,0,0,1,4.123579687490436,True,False,False,7.0
5.0,6.0,1,60.41,53.0,True,False,False,True,False,False,1,0,0,1,4.1175726883413075,False,True,False,6.0
9.0,4.0,0,199.49,29.0,False,False,False,False,False,True,0,0,0,1,5.3007643701910885,True,False,False,0.0
7.0,1.0,0,29.54,37.0,False,False,False,True,False,False,0,1,0,1,3.4190372997904865,True,False,False,0.0
8.0,5.0,0,130.41,11.0,False,True,False,False,False,True,0,0,0,1,4.878322206655547,False,False,False,0.0
6.0,1.0,0,83.83,29.0,False,False,False,True,False,False,0,1,0,1,4.440649253819643,True,False,False,0.0
7.0,4.0,1,126.13,34.0,False,True,False,True,False,False,0,0,0,1,4.845210184962031,True,False,False,4.0
5.0,6.0,1,99.675,34.0,False,False,True,True,False,False,1,0,0,1,4.611897506737518,True,False,False,6.0
6.0,5.0,1,0.0,34.0,False,False,True,True,False,False,0,0,0,1,0.0,True,False,False,5.0
7.0,8.0,0,138.31,35.0,False,True,False,True,False,False,1,0,0,1,4.936701665718133,True,False,False,0.0
11.0,2.0,1,164.33,58.0,False,False,False,False,False,True,0,1,0,1,5.107943476563253,False,True,False,2.0
6.0,2.0,0,121.68,63.0,False,False,True,False,True,False,0,1,0,1,4.809579339246051,False,False,True,0.0
11.0,6.0,0,126.68,56.0,False,False,False,True,False,False,1,0,0,1,4.849527133701499,False,True,False,0.0
11.0,4.0,1,84.38,63.0,True,False,False,False,False,False,0,0,0,1,4.447111881329816,False,False,True,4.0
5.0,4.0,1,34.39,34.0,False,False,False,True,False,False,0,0,0,1,3.566429294357372,True,False,False,4.0
6.0,6.0,0,157.23,35.0,False,False,True,True,False,False,1,0,0,1,5.064049670730892,True,False,False,0.0
6.0,4.0,0,70.35,17.0,False,True,False,False,False,False,0,0,0,1,4.267597343922845,False,False,False,0.0
7.0,5.0,0,41.26,22.0,False,True,False,False,False,False,0,0,0,1,3.7438410121879104,False,False,False,0.0
5.0,6.0,1,121.48,44.0,False,False,True,False,False,False,1,0,0,1,4.807947751349428,False,True,False,6.0
6.0,6.0,1,109.46,30.0,False,False,False,False,False,True,1,0,0,1,4.704653464473042,True,False,False,6.0
5.0,5.0,1,88.72,30.0,False,False,False,True,False,False,0,0,0,1,4.496693709652008,True,False,False,5.0
8.0,1.0,0,171.97,22.0,False,False,True,False,False,False,0,1,0,1,5.153118169055832,False,False,False,0.0
4.0,6.0,1,158.58,31.0,True,False,False,False,False,False,1,0,0,1,5.072545363880135,True,False,False,6.0
3.0,5.0,0,68.0,24.0,False,False,False,False,True,False,0,0,0,1,4.23410650459726,False,False,False,0.0
8.0,4.0,1,31.59,33.0,False,True,False,False,False,False,0,0,0,1,3.4840054928494704,True,False,False,4.0
7.0,7.0,0,127.98,47.0,False,True,False,True,False,False,1,0,0,1,4.859657353582231,False,True,False,0.0
11.0,6.0,1,67.46,26.0,True,False,False,True,False,False,1,0,0,1,4.226249633102039,True,False,False,6.0
7.0,2.0,1,146.64,67.0,False,False,False,True,False,False,0,1,0,1,4.994776878161797,False,False,True,2.0
8.0,5.0,0,84.93,51.0,False,False,True,False,False,False,0,0,0,1,4.453533011325132,False,True,False,0.0
8.0,2.0,1,138.77,37.0,False,True,False,True,False,False,0,1,0,1,4.939998214496815,True,False,False,2.0
7.0,5.0,1,81.39,58.0,True,False,False,True,False,False,0,0,0,1,4.411464070327499,False,True,False,5.0
7.0,9.0,1,127.67,30.0,False,False,False,False,False,True,1,0,0,1,4.857250987196899,True,False,False,9.0
12.0,5.0,1,90.72,37.0,False,False,False,True,False,False,0,0,0,1,4.518740457989704,True,False,False,5.0
6.0,3.0,0,105.1,25.0,True,False,False,True,False,False,0,0,0,1,4.664382045619938,False,False,False,0.0
7.0,5.0,0,109.38,25.0,False,False,True,False,False,False,0,0,0,1,4.703928958011355,False,False,False,0.0
8.0,7.0,0,65.21,50.0,False,False,True,False,True,False,1,0,0,1,4.192831508936755,False,True,False,0.0
8.0,4.0,1,106.48,43.0,False,False,False,False,False,False,0,0,0,1,4.6773047837472905,False,True,False,4.0
11.0,5.0,1,146.87,52.0,False,False,False,False,False,True,0,0,0,1,4.996333509385396,False,True,False,5.0
6.0,4.0,1,109.82,34.0,False,False,True,True,False,False,0,0,0,1,4.707907263439203,True,False,False,4.0
7.0,8.0,0,30.31,42.0,False,True,False,True,False,False,1,0,0,1,3.443937535338314,False,True,False,0.0
7.0,6.0,0,139.52,59.0,False,False,False,True,False,False,1,0,0,1,4.945349827397626,False,True,False,0.0
7.0,4.0,1,103.43,27.0,False,True,False,False,False,True,0,0,0,1,4.648516990491458,True,False,False,4.0
7.0,6.0,1,157.07,50.0,False,True,False,False,False,False,1,0,0,1,5.063037972889304,False,True,False,6.0
7.0,6.0,0,81.16,15.0,False,True,False,True,False,False,1,0,0,1,4.408668565620303,False,False,False,0.0
8.0,8.0,1,126.0,37.0,False,False,True,False,False,True,1,0,0,1,4.844187086458591,True,False,False,8.0
8.0,7.0,1,74.04,48.0,False,False,False,False,True,False,1,0,0,1,4.318021304697969,False,True,False,7.0
9.0,7.0,1,39.55,29.0,False,False,True,True,False,False,1,0,0,1,3.702535780561422,True,False,False,7.0
11.0,8.0,0,51.11,26.0,False,False,False,False,False,False,1,0,0,1,3.9533568689211234,True,False,False,0.0
5.0,6.0,1,95.14,40.0,False,True,False,True,False,False,1,0,0,1,4.565805462465814,True,False,False,6.0
6.0,2.0,0,168.31,8.0,False,False,False,False,False,True,0,1,0,1,5.131731354140141,False,False,False,0.0
8.0,6.0,0,86.17,37.0,False,False,True,False,False,True,1,0,0,1,4.467860235023485,True,False,False,0.0
6.0,8.0,0,43.11,43.0,True,False,False,False,False,False,1,0,0,1,3.786686514116848,False,True,False,0.0
7.0,4.0,0,99.675,67.0,False,False,True,True,False,False,0,0,0,1,4.611897506737518,False,False,True,0.0
8.0,5.0,1,99.49,53.0,False,False,True,False,True,False,0,0,0,1,4.610058220060868,False,True,False,5.0
8.0,3.0,1,89.16,16.0,False,True,False,True,False,False,0,0,0,1,4.501585869731521,False,False,False,3.0
4.0,6.0,0,99.675,14.0,False,True,False,True,False,False,1,0,0,1,4.611897506737518,False,False,False,0.0
6.0,5.0,0,59.32,34.0,False,False,False,False,False,True,0,0,0,1,4.099663723699701,True,False,False,0.0
7.0,4.0,1,123.34,52.0,True,False,False,False,True,False,0,0,0,1,4.823019748841191,False,True,False,4.0
7.0,6.0,0,59.76,34.0,True,False,False,True,False,False,1,0,0,1,4.106931677727572,True,False,False,0.0
8.0,6.0,1,130.42,2.0,False,False,True,True,False,False,1,0,0,1,4.878398301469722,False,False,False,6.0
8.0,7.0,0,208.2,8.0,False,False,False,False,False,False,1,0,0,1,5.343290732190768,False,False,False,0.0
7.0,3.0,0,43.37,20.0,False,False,False,True,False,False,0,0,0,1,3.792563565390818,False,False,False,0.0
10.0,5.0,0,99.675,48.0,False,False,True,False,False,False,0,0,0,1,4.611897506737518,False,True,False,0.0
4.0,8.0,0,77.69,51.0,True,False,False,False,False,True,1,0,0,1,4.365516082546892,False,True,False,0.0
6.0,5.0,0,91.72,21.0,False,False,True,False,False,True,0,0,0,1,4.529584199031496,False,False,False,0.0
5.0,5.0,0,5.76,48.0,False,False,False,False,False,False,0,0,0,1,1.9110228900548727,False,True,False,0.0
5.0,5.0,1,126.67,49.0,True,False,False,True,False,False,0,0,0,1,4.84944880983226,False,True,False,5.0
6.0,6.0,0,75.28,42.0,False,True,False,True,False,False,1,0,0,1,4.3344107807322185,False,True,False,0.0
1.0,3.0,0,119.58,48.0,False,False,False,True,False,False,0,0,0,1,4.79231343306126,False,True,False,0.0
8.0,3.0,0,125.37,59.0,False,True,False,False,True,False,0,0,0,1,4.839214111770589,False,True,False,0.0
6.0,7.0,0,222.08,33.0,True,False,False,True,False,False,1,0,0,1,5.407530451521353,True,False,False,0.0
8.0,5.0,1,95.6,29.0,False,True,False,True,False,False,0,0,0,1,4.570578741218473,True,False,False,5.0
7.0,7.0,0,89.49,50.0,False,False,True,False,True,False,1,0,0,1,4.505239347363042,False,True,False,0.0
10.0,3.0,1,40.81,23.0,False,False,True,True,False,False,0,0,0,1,3.733135545368474,False,False,False,3.0
7.0,6.0,1,102.59,44.0,True,False,False,True,False,False,1,0,0,1,4.640440800070011,False,True,False,6.0
7.0,7.0,0,67.19,28.0,False,False,False,True,False,False,1,0,0,1,4.222297926532561,True,False,False,0.0
7.0,4.0,1,100.82,23.0,False,False,False,False,False,False,0,0,0,1,4.62320654847419,False,False,False,4.0
5.0,5.0,0,89.33,31.0,True,False,False,False,True,False,0,0,0,1,4.503469631161752,True,False,False,0.0
6.0,7.0,1,106.55,28.0,False,False,False,True,False,False,1,0,0,1,4.677955855713739,True,False,False,7.0
6.0,5.0,1,77.85,23.0,False,False,False,False,False,False,0,0,0,1,4.367547313409047,False,False,False,5.0
9.0,5.0,0,43.37,49.0,False,False,False,False,False,False,0,0,0,1,3.792563565390818,False,True,False,0.0
8.0,4.0,0,126.95,31.0,False,False,False,True,False,False,0,0,0,1,4.851639562605798,True,False,False,0.0
11.0,3.0,1,74.87,52.0,False,False,True,True,False,False,0,0,0,1,4.329021349349984,False,True,False,3.0
7.0,8.0,0,103.64,31.0,False,False,True,False,False,False,1,0,0,1,4.650525887708889,True,False,False,0.0
6.0,8.0,1,57.98,29.0,True,False,False,False,False,False,1,0,0,1,4.07719840338713,True,False,False,8.0
7.0,7.0,0,145.87,31.0,False,False,False,True,False,False,1,0,0,1,4.989547841765771,True,False,False,0.0
6.0,5.0,1,108.86,31.0,False,False,False,True,False,False,0,0,0,1,4.699206827914474,True,False,False,5.0
5.0,6.0,1,50.95,48.0,True,False,False,False,False,True,1,0,0,1,3.9502817175452365,False,True,False,6.0
7.0,1.0,0,13.31,18.0,False,True,False,True,False,False,0,1,0,1,2.6609585935683597,False,False,False,0.0
5.0,5.0,0,119.1,27.0,False,True,False,False,False,True,0,0,0,1,4.788324729085938,True,False,False,0.0
11.0,6.0,1,56.49,6.0,False,True,False,True,False,False,1,0,0,1,4.0516110196351995,False,False,False,6.0
9.0,2.0,1,72.53,34.0,True,False,False,True,False,False,0,1,0,1,4.297693486208131,True,False,False,2.0
8.0,5.0,1,110.0,31.0,False,False,False,False,False,False,0,0,0,1,4.709530201312334,True,False,False,5.0
7.0,5.0,0,43.11,26.0,False,False,True,True,False,False,0,0,0,1,3.786686514116848,True,False,False,0.0
9.0,5.0,1,91.52,40.0,False,True,False,True,False,False,0,0,0,1,4.527424837363238,True,False,False,5.0
9.0,8.0,0,105.47,45.0,False,False,False,True,False,False,1,0,0,1,4.667863255326515,False,True,False,0.0
8.0,5.0,1,44.5,36.0,False,False,False,True,False,False,0,0,0,1,3.817712325956905,True,False,False,5.0
9.0,9.0,1,84.4,30.0,False,False,True,False,True,False,1,0,0,1,4.447346100794524,True,False,False,9.0
5.0,3.0,1,101.05,59.0,True,False,False,True,False,False,0,0,0,1,4.625462889255854,False,True,False,3.0
10.0,4.0,1,176.46,34.0,False,False,False,False,False,False,0,0,0,1,5.178745231407191,True,False,False,4.0
12.0,7.0,0,0.0,26.0,False,True,False,False,False,True,1,0,0,1,0.0,True,False,False,0.0
6.0,3.0,0,66.16,34.0,False,False,True,True,False,False,0,0,0,1,4.20707783220934,True,False,False,0.0
11.0,5.0,0,82.06,52.0,False,False,True,True,False,False,0,0,0,1,4.419563238202607,False,True,False,0.0
9.0,6.0,0,42.27,45.0,False,False,False,True,False,False,1,0,0,1,3.7674595542367935,False,True,False,0.0
10.0,6.0,1,86.79,26.0,True,False,False,False,True,False,1,0,0,1,4.474947598938117,True,False,False,6.0
7.0,3.0,0,107.99,21.0,False,False,False,False,False,True,0,0,0,1,4.69125613490122,False,False,False,0.0
7.0,6.0,0,96.77,33.0,False,True,False,True,False,False,1,0,0,1,4.5826177815175795,True,False,False,0.0
8.0,3.0,0,44.11,34.0,True,False,False,False,False,False,0,0,0,1,3.8091039514203047,True,False,False,0.0
6.0,6.0,1,105.52,35.0,False,True,False,True,False,False,1,0,0,1,4.668332760945732,True,False,False,6.0
4.0,6.0,1,58.34,15.0,False,True,False,True,False,False,1,0,0,1,4.083283614862676,False,False,False,6.0
10.0,6.0,0,160.42,34.0,True,False,False,True,False,False,1,0,0,1,5.084009663896226,True,False,False,0.0
4.0,6.0,1,117.03,43.0,False,False,False,False,False,False,1,0,0,1,4.770938829440977,False,True,False,6.0
9.0,3.0,1,80.19,37.0,False,True,False,False,False,False,0,0,0,1,4.396792086874355,True,False,False,3.0
7.0,5.0,1,60.11,34.0,False,False,True,True,False,False,0,0,0,1,4.1126755189068245,True,False,False,5.0
7.0,3.0,0,113.95,9.0,False,False,False,False,False,True,0,0,0,1,4.74449725120919,False,False,False,0.0
9.0,8.0,0,70.52,37.0,False,False,True,False,True,False,1,0,0,1,4.269977130865259,True,False,False,0.0
